<User 74438f88-fc91-40f4-9623-74e161834e5c>, 
<User 47cb2823-2a45-4fb9-8f58-67fb4c7b5fb9>, 
<User ace0247e-496f-4601-a417-ff8e1fcbd0ec>, 
<User e9abd68d-20d4-4079-a9a4-01fb700c45ee>, 
<User 602a3c2b-83ad-4045-bdb2-52cdea952b06>, 
<User f4732b11-0568-48f6-a8e5-cf17c11bff44>, 
<User d17fd29f-72fa-46d1-b732-a4fad01aa31e>, 
<User 378df980-3f74-4f67-a7dd-22634c393fe2>, 
<User b792a9b9-7c53-4861-b051-91dbd9765990>, 
<User 3c76aad6-5742-4959-92d7-5ea36f295e02>, 
<User 36c9c5a9-4bbc-41d1-939f-0f6f963505af>, 
<User 04b5f053-d4cb-45ce-8011-012b2eee9387>, 
<User bdb8991f-b0ed-4dc6-af54-0bca3d9e7344>, 
<User 26dd81d1-df02-4a8d-9ff1-3baa39722fe4>, 
<User 53589bc7-aee3-47fc-bbb1-4aca0c6e4733>, 
<User 8510b7dc-a36c-4d8c-a1d9-4c40e74b42ac>, 
<User 41caf802-3d34-48b7-a296-ec97ed7c4f8c>, 
<User bc4391a8-4d02-4994-aba3-35ed7eb350b9>, 
<User cd1a72e1-b7f1-43ea-acf2-5bf13e5bc7f1>, 
<User 162b8f64-677f-4c26-9b45-58a61f03f567>, 
<User 9e2ab7c5-1069-4335-9db4-d6fca4d63600>, 
<User 3d89eb42-aaf6-4087-aad8-3d3a854ce709>, 
<User 0b7fca11-30c1-480c-a1b4-a0e4dcaf56d2>, 
<User 2d468089-b498-4abd-8707-af7602abb5c2>, 
<User bb2c84a4-f016-425b-a9c3-0615de3d1bc2>, 
<User 45129d36-e973-459f-9b3e-51a20aa51def>, 
<User cb2e47ea-046c-49df-b0e9-b514a275e64a>, 
<User e256e043-14ca-44c8-9964-5bef5a108dc8>, 
<User a1ffb458-ed4f-4253-8249-04a90cd769d3>, 
<User 346e9593-33fa-46ec-bb37-20801f858733>, 
<User 1bf7f496-24b6-45d7-8888-1e2222b2b75d>, 
<User e7ed7f13-66a7-4883-8836-383e53469beb>, 
<User c1276fed-9bad-40c3-8c38-c2456f153cdb>, 
<User db340e7a-f832-4cb0-b973-e0d2e5a276f7>, 
<User fea2b818-1ed5-4348-a6f4-548fe881ac4c>, 
<User e158bef5-ef76-4e2d-b217-6707e70c9652>, 
<User b1ef3ba0-b347-427e-8283-0b91a4e37321>, 
<User 6b4982af-227e-420c-99e2-bb945ce0a61e>, 
<User aa03ed78-2939-4bb6-a9a8-6f64a48f5d56>, 
<User c36b7d7c-ef57-436b-a98b-98bcdaa8ffd9>, 
<User ed6032a1-162d-4d0e-aca1-865e17fca346>, 
<User 654d738f-a3d6-448a-9da0-f4ac75f3b3d1>, 
<User ac19777b-029b-4edf-91f8-bf3262d1a856>, 
<User 47792ff0-8b40-40c9-aa3a-44efd3a929b1>, 
<User f0d4d6e9-3d45-4be6-a6f2-989bacb964e8>, 
<User db9137f1-0348-4a1d-a26d-bc485d128ace>, 
<User 6b8c0e48-df1b-4c96-82d0-23eb3ec2f9f1>, 
<User ef9dc1b2-60e8-4b7a-9f8c-9e4aaba77167>, 
<User 1cfe127c-5014-45ba-8315-c499f22f92b9>, 
<User c91bee32-4c91-4de2-951a-3033e12e82a1>, 
<User 1eb784c0-4434-4ebb-b590-f03165f3a0f9>, 
<User 9a5ce02c-6a78-4d4e-aab8-b8daa7c3540e>, 
<User 7604b96d-3ccc-45e2-b332-d5acfd2b3271>, 
<User ab6d5408-6da0-4d65-996a-be02fac8473c>, 
<User 92586e42-4874-407c-a5f1-e5168370ba4d>, 
<User 2158d692-2997-40c9-a16f-1d68e2cd3b72>, 
<User f8c72a03-19bc-4b9d-bb76-569a3eacf2f5>, 
<User 32affcb1-19bb-4dc2-8f8e-da01ce8a947e>, 
<User 212c4948-d263-49a2-841f-334a9e7d84e9>, 
<User 2f0c8f95-b498-49f4-b141-91b55768ff2d>, 
<User 92bb2f87-735b-4e1f-9609-4b0c7333ade4>, 
<User 031690ad-7bf7-4c49-911f-7c2d937b0716>, 
<User a244d1f5-1d66-4b06-b67c-6d46205454ad>, 
<User da0c9848-52ba-47cd-b2ac-b74f5960139c>, 
<User 72a322a5-60e8-4dce-a883-0e685029b32b>, 
<User f23e9e49-8887-41d6-9bdf-ea50e396ea97>, 
<User 3f533bd9-e84b-4a83-9e26-33a23171137b>, 
<User ad63ced2-4d28-4018-b076-fc837edf5e89>, 
<User bac5c9d5-1f5d-43b9-9222-c716bb79d8a8>, 
<User bf3e0f1c-e289-4dd2-842e-65997512b7c2>, 
<User 4096f7cf-c9c2-4be0-a79d-f114a4398efc>, 
<User 198d623f-5d9e-41cf-bb88-579d2acbecef>, 
<User 5699c47d-ec22-4e5e-975d-58bc98aa456e>, 
<User 71c4031f-6c82-478b-96a4-26aabc03c961>, 
<User 2d6e0360-18a0-4025-a9a8-7f85ea03922d>, 
<User 10195857-fbd1-48a0-a037-1c1784f94b93>, 
<User 9431368b-dee5-43f7-87bc-27ba8e53dd88>, 
<User cccc602c-7118-48ad-97a6-1ff1f142223f>, 
<User 2dcd7d39-df21-4c61-9040-8d0db012eff4>, 
<User f1865517-ca83-4d90-860a-321d549d85cb>, 
<User e7428100-307e-4784-89a2-b9747d0404dc>, 
<User 891e8e1a-a438-4498-9c02-b874afd395f8>, 
<User 433aa0eb-2c26-4690-9393-3f732297a987>, 
<User d8893b93-1ba6-4364-949a-e2271d57bafa>, 
<User 7d4f9925-d2b4-4249-9e32-1e618bf0b1d8>, 
<User 36f923ea-36ae-4ffe-aaf2-25dbf29cf86d>, 
<User 94829797-6131-484e-8fa4-52c6f33213fa>, 
<User a00a2314-701f-467b-aadd-a3ce8d12f125>, 
<User 89605c51-15ba-458e-b122-9a9eff0ff3c4>, 
<User 082a46c3-d35e-4f55-b400-86cc6a5759eb>, 
<User 7723e320-1ecd-4037-b117-1ae493b3f69b>, 
<User 0e184200-9f20-40ab-b27e-e06e3a9edf8f>, 
<User 3298f8e7-507d-44cc-a204-e497fd4bee65>, 
<User d46d976c-4799-4cf1-b641-815f2f6f3d9c>, 
<User 7dcd90e0-811c-48d5-8e32-1a4c9de18775>, 
<User e62a9a2c-cee7-4a2d-8b53-e1488d813234>, 
<User ac10310e-bf23-457e-8922-19bb34b2d29a>, 
<User 7a07d66e-9f7b-4a78-a1ff-5aff4958cd33>, 
<User 8fed4e3d-b872-448a-b561-13d8fce1e4c2>, 
<User d4bc1d92-84ed-4d94-9700-ccc2c51de932>, 
<User cae1d65b-077b-4a3d-8fb4-c47481f1d5a6>, 
<User 4904dfb3-6262-4525-b859-a2b8f6e8e7ec>, 
<User 04a60f64-afd9-465c-8b18-27a6c5894642>, 
<User 4a78aaa9-1520-44c3-8eee-07cfb4a66dc5>, 
<User 47412182-fd75-45e1-a22f-f49889c64956>, 
<User db86db80-f5d2-4e0f-b33f-534595f47911>, 
<User e8e43f6e-3de4-45ef-b158-20ef912324c9>, 
<User af510960-7b26-4e03-9ad4-937c2e067cd2>, 
<User d7bf23a9-d4c4-4bdd-b522-91c8e828c2b3>, 
<User bfb842ce-07b0-463b-86a1-3c2132bf9280>, 
<User 0d09a125-c3fb-4a77-a2c9-ceeb63a1519d>, 
<User 6f803a14-fd61-481a-82d9-76ac60792864>, 
<User 35f0b41a-08d3-4f93-8a51-6cc0faff45dd>, 
<User e6c32dd2-d77f-4421-a0d5-6d3d6c583cea>, 
<User 5d46cfa9-8f4a-44d3-b87a-0d2ba9194408>, 
<User e44e069a-4655-4360-b390-5b3e2a8a761c>, 
<User db58d7ac-0851-469b-a3ff-c4d96cfdf4fe>, 
<User f9c0c080-b548-49f4-8ebd-be8927ba80fa>, 
<User b5ac0935-75bf-48dd-935a-0781ddb27894>, 
<User 70b19a1e-8af6-4a8c-9f9c-cd083a47a303>, 
<User b1fb44b0-6bf1-4bd7-98b0-b2ec710f9fcb>, 
<User da8bde3a-e40f-49d7-8a46-02cbf77b3660>, 
<User 2279c5f8-7ccb-4db3-8267-0b43f983e5a2>, 
<User f9176102-84b7-4248-8ace-4077c9f1f791>, 
<User 7b868fee-6fd0-49a3-bf5b-aaa089c12ba9>, 
<User 6bfd97cb-5a73-4795-a0fb-f0461f191221>, 
<User 57348fa6-87dd-4ec2-8787-5e4dce95084a>, 
<User ce03f36a-de87-4e74-962e-edbffe37bf23>, 
<User a3499569-ce49-4aa2-8180-65fd1683f815>, 
<User 3cfe193c-4781-48a0-847d-cbdc582f4983>, 
<User 437f999b-3018-449a-aa67-7c307a3ae402>, 
<User 4e4b7b49-1ce4-4d78-86f4-48d6acaf2336>, 
<User fbf9fa96-58e8-4467-9570-d559803653c9>, 
<User 4d658024-e290-4f3f-9e6a-1fe924e658a9>, 
<User 9dc2edf5-3bd6-4e2c-96c5-b07a0f063224>, 
<User 9d269e2e-e3e0-471c-b739-7245438a5001>, 
<User b2725ad7-2c13-4fe6-878a-40f7a282f7db>, 
<User 83a6a515-ed01-4dda-a51c-0e0161df8fd6>, 
<User 8d11511d-8949-481b-a4b5-a25488bab5d8>, 
<User 2ecd11cc-a4c4-4a34-bc77-fc5ca34061b0>, 
<User 39b2d3da-c380-43fa-97fe-ec5f0dc28d6f>, 
<User 6fc5eacc-1ce7-4967-bbb1-5cdc78c33eea>, 
<User 6144ef7b-7eaf-45ef-9524-24a0ad01011d>, 
<User e09aa38b-b37d-4ca1-8415-eaf924c5f2eb>, 
<User 8e837471-692a-44e1-bfdb-fbffaae5ffc5>, 
<User 45c53da1-c904-44dd-aedb-b3ebc04770d5>, 
<User 106b9411-20c8-4e20-8ac8-56cc34c22e72>, 
<User e8775a13-5033-47f3-9bd6-389f684b6c59>, 
<User 834e335e-36fc-4a33-8d3e-7db31a06b83b>, 
<User e2f81358-81de-446d-9aaa-254f1e5a2ecb>, 
<User 63c39ab3-64d1-4878-91eb-e3840c6c159d>, 
<User 5e3bba2e-3de7-4e7a-8f77-59350a22622e>, 
<User 42c2062d-d86a-4388-b299-397ed61c7a73>, 
<User 331ba021-d3ad-4e77-86cf-709581308a88>, 
<User 01d552f8-f59f-401c-96a8-141523a7bc52>, 
<User 495ef4ab-92e8-4291-b732-ce3963d038f8>, 
<User 82fcd625-9a22-42df-aa67-8ba102510a0c>, 
<User dde7d36e-14cd-4a59-be14-71d6a60bd3bb>, 
<User c2a5f80f-3ab8-4439-a4f2-db800ca57f6a>, 
<User e3488b8b-0093-4fae-83d4-8c3406469c30>, 
<User 105e24a2-946a-44c2-9e5b-e29678f92a6a>, 
<User 06a7136d-40cb-41d8-a070-fb2475036f2a>, 
<User b617e048-ceaa-457f-b9a2-b6c1e9d950fc>, 
<User 0b1bee48-786d-486f-afba-ea60ab42342e>, 
<User b59f1987-2943-4cdb-be0e-c0b60a13a025>, 
<User 6f4fb671-da1d-4c5d-81f1-f1c5b80d65a0>, 
<User 8868116a-6e1b-4195-ae30-e2ec99385e51>, 
<User 63ef7f59-bda9-4cd2-9042-743ea30a84d5>, 
<User 53ce78a4-7642-44af-9b1d-b64a2e66aa4c>, 
<User 8758828e-d431-402a-9e5b-4aee7619df8f>, 
<User 1c0f1a7e-c73e-4c4a-8f5a-c2ee06eb341c>, 
<User 5ff669b5-a0ef-4b21-92e4-c1295569d533>, 
<User 52e421c2-1cef-479d-ae89-cca61c67710f>, 
<User 45c33db9-b4b3-446b-818b-451eb1dce92c>, 
<User d0df6ea3-73e6-4ff0-b70a-21fb50f72bb4>, 
<User fea70f63-450a-471a-b48d-a6f958dfabe6>, 
<User 149c6348-668a-4803-a436-383a33b17305>, 
<User 44b49594-2b1a-4f84-9e96-35601fef4f0b>, 
<User 7de4945f-8a5f-48cb-97ff-6c66dd669263>, 
<User d5a14f6f-8db6-4910-9855-0e58c2a0be15>, 
<User 57e0fb68-f532-47bf-bbd4-38fd5f0d7260>, 
<User 706aa1a1-6603-484a-96f2-7669d7640001>, 
<User dc838bb7-d496-4523-8b85-33b4951639b0>, 
<User 14e1f2e7-ce48-41e3-9792-81d854d0bd4b>, 
<User 87213d43-ad93-40de-8a03-5b8c7b4fd872>, 
<User 3a94bd3e-17cd-491e-b0ff-351f907d0476>, 
<User 4effea09-517d-4174-8938-27b2f1fee4ae>, 
<User f92bdb22-496c-4626-92aa-cc582a96f77f>, 
<User 98b3b5f9-36fa-4e2d-a702-999101c38d68>, 
<User c752f02a-8cf4-4aff-89f9-d22da090d81a>, 
<User 9156d478-8efa-4f81-8ab8-ea4bc887de98>, 
<User e261e46a-b5b3-45e1-8cba-c1e932a76826>, 
<User 082874e7-4cfd-4f30-8362-8e82fdc41d3b>, 
<User 72629efe-2719-44f5-84d6-36ebd3806d0e>, 
<User 8f9470a7-ec2f-4cf5-af26-9296a1b9b365>, 
<User 6945ff04-b0a9-4e9c-82e6-b35ba2ee3357>, 
<User 83f475cf-d69b-4f03-a3fa-ee07ad55ab1e>, 
<User 0849ef34-f404-4a62-bf26-71cec41bad4d>, 
<User a8d71881-6a21-4e79-a9a5-a3816e7867ab>, 
<User 26e75b81-d53b-4e02-abd8-ebc2c6873243>, 
<User 05baddc8-9f43-4371-872a-29f1ba269e54>, 
<User ad410c90-08d9-4ce3-bf1a-c281bea73395>, 
<User d01fbcb3-e1c0-49f5-aeff-6fcd556c681e>, 
<User d1f8038e-4033-49ee-a589-834318ec7cd1>, 
<User ad92fe54-e426-4950-b9f3-14f06694a651>, 
<User 22507ff8-6277-4012-a274-d9659875a9ab>, 
<User 77d93e90-4338-4e37-9d48-b3a0be02fc56>, 
<User 678840db-6e5e-43e5-b23e-a123333afc46>, 
<User be9e05f6-de71-4345-b902-d9d1a6e018d9>, 
<User c44fc2dc-cd24-4d09-9910-669f91a18895>, 
<User 9f6edf74-6537-41fa-8e4b-f74ee8a0e914>, 
<User 5af7f54f-9fe0-4fef-890f-3e8fe524dfa6>, 
<User 5f722b1f-9a1c-4da5-810a-711986adde19>, 
<User 9b442832-9266-44f4-8d0e-e92a34233e6d>, 
<User f7f2b52c-5c65-4ff0-8db7-83ab31943276>, 
<User 2e238baa-c05f-4f13-b369-5e75e766b1ee>, 
<User 042f1b29-be7e-48fc-a0b9-96037a5b6790>, 
<User 9b6851e3-e76f-44a8-818c-cf24b55b4d26>, 
<User 777a3054-1110-470d-9298-19f753538dc6>, 
<User b05fdd79-adf2-4d41-84aa-c17508e3ac69>, 
<User 7bfa7f37-f09a-45d6-84f6-de4cd8fe3447>, 
<User 4bf07d86-89b8-4385-b4e3-501f179a6c69>, 
<User f60fea2e-509f-4f26-bf19-d702ca657d7d>, 
<User c28d7607-7dca-4723-97a6-1979767cf6dd>, 
<User 66c50c84-9751-4895-b175-5af2db15fab7>, 
<User deae246d-073d-41df-a377-00b050b01562>, 
<User 619bada7-ae90-4718-b5ee-f615d6b156ab>, 
<User 83d7897a-6bf2-4286-9dcd-92c2f2c1a6f1>, 
<User 6a86d03b-9522-4a3a-b3b8-609afe20052b>, 
<User dad8699b-4e31-4130-b0c9-ebd619c392e1>, 
<User 28e0be5c-a30a-4516-b98f-91e58b4c1de4>, 
<User 7669e21c-5dc7-45c6-8d52-9fbcd4447c57>, 
<User 79a19f66-6aea-40a9-be7b-c61c44f2d6f7>, 
<User 10bd0d58-8068-4281-9190-3ece451ed6e5>, 
<User 287a9b55-2b8f-47d4-a993-0aaf00aa2d10>, 
<User df933b72-8ae7-4293-ba8a-693b0600d9c6>, 
<User 2003c9e7-e545-4611-ad50-ccc2c2fdf538>, 
<User bf3ffd64-48b4-4bd9-b96e-219bcfd2ca1f>, 
<User 798d1342-c05a-4a77-ae13-3f4d7dc915ae>, 
<User 8c7877cc-9832-406e-82a4-05b99e52326c>, 
<User a208b525-e527-4ffc-83bd-68d04e8308a8>, 
<User 08f99973-655a-4334-98cd-ef52e4fa9c98>, 
<User d5312bf6-7120-4ead-ab07-1b523e5e8c51>, 
<User ad679a45-77a6-4ed1-bee4-fff2cd3eff3d>, 
<User 85ff6b0b-29cc-4429-8ed4-e317bdaf0b9a>, 
<User 6c7a4437-e1f3-47e1-ba3d-9f5e880014c2>, 
<User 6ea376c3-d8da-4acb-8064-bed0cc92c300>, 
<User c431e4f7-ad55-4154-ab39-dd8d40233f08>, 
<User af3c26fa-31bb-441e-a397-e49752a3043b>, 
<User 6e38a9a9-b13c-402d-a131-b202bd423f66>, 
<User 40816a7a-5dc2-4311-a424-a7f757ffeeb4>, 
<User 9efcbe7c-90e0-4e03-b87e-b5cbfb5ec520>, 
<User a02c22cf-bbc5-4753-af79-1bfcfb4f925b>, 
<User 5c50953d-c1db-4e7c-8e7f-3d29ed6c5cc6>, 
<User 05e00ba7-69b1-488f-a73a-92bdccaf60ae>, 
<User c204ae79-c87e-480e-a29b-5c5267af7863>, 
<User 00d635af-e94c-4af2-9812-6801fa1abfca>, 
<User 3913e044-e1d9-43eb-929f-6d1156e967e5>, 
<User ceb2dad0-13b7-49d5-a67e-28c92804ef04>, 
<User 2b8b450d-4a1a-437d-9d01-8abd574b6d11>, 
<User e78f8da4-6b76-4ac9-a229-6a168454e54f>, 
<User b73bb8d5-8c0e-4de2-82d2-bd31f100f40e>, 
<User 63c8304a-ee84-4e76-851f-753acffb2eef>, 
<User 87671300-986e-463e-bf6f-102e42e26a20>, 
<User 97204ff0-4756-4da7-9c6f-f30af0e3de3e>, 
<User da6ce3a5-d013-4444-9b85-1557b11dcc4a>, 
<User 583a565f-a74d-43b7-8074-d0358f205983>, 
<User a8aaf0e9-2ba9-492b-924f-3cfa5b3128fd>, 
<User 064443d7-8e3d-4e78-b854-b2e534f99f36>, 
<User be7aa455-e241-486f-9dee-25b5f1b51326>, 
<User f6357e4b-daab-45a0-a0e1-2ba33806c9d3>, 
<User 26fa0e1b-f7a5-4d1c-a612-7ccd51e7dc68>, 
<User 13433b3d-ce60-4cd7-9211-7e010235fc4e>, 
<User fe30c30c-fdb8-41d3-94ee-c36538bc9c01>, 
<User ae5a1787-c8b8-4ad1-bddd-d35ef829690d>, 
<User 2a914940-1e7b-4ab1-801e-090955a54dfd>, 
<User f4ac8ecc-d992-4925-be14-2c8870f0a725>, 
<User a671b210-ad56-41d5-b8ff-6df2bb62fdbf>, 
<User 4ea0cd8a-bac2-4a20-bc0d-10f0a157b529>, 
<User ddfa0305-21d3-4a2b-a582-647942840e9c>, 
<User 3c41fcd1-ca14-402d-879a-1fdb397ffa28>, 
<User 07ccace9-4165-42cd-bde2-9c4181e5cd4d>, 
<User fef10e96-868b-4515-a4d9-d44cb974ec34>, 
<User 56bde58c-ccf4-488d-a677-4694c423416d>, 
<User b0f4f0d9-e82a-4349-b62a-628958a1e542>, 
<User 8c500cdd-c954-49c3-8e3c-e46efe42f6f5>, 
<User 5f09151b-c5ca-4bb5-b42e-19da193838d4>, 
<User 24e670e5-2f36-48ec-bd82-3bb1cb0dba03>, 
<User 48b20846-0cb3-48ed-b894-279abb19ebef>, 
<User dfd25bcd-9864-493e-b4cf-04dc8c16d1f1>, 
<User b7bab9f0-5aba-4712-9783-28b8c7fbafb3>, 
<User 8704d301-4200-4020-bc2a-e7208ef07636>, 
<User 9436e409-1f2d-4385-8c1f-5f22599bc50d>, 
<User b8c2daa0-9ddc-443f-8f3e-4b6b748811d5>, 
<User 2a54da7d-389d-42d6-88d8-b5f671570029>, 
<User a9d182e6-deb2-42ed-814a-009a01ccc487>, 
<User 242ef28e-90f6-4d8b-81e6-d043b99ecda9>, 
<User 95e5760a-ba32-4d57-8962-8c158bb148c7>, 
<User 62a32066-03ba-45ee-94a8-b3fcb90edbc7>, 
<User 032b7cbe-b6c7-4edc-927e-3c20a9e87653>, 
<User 84c5816d-7391-49f2-bafb-ac3b2c6c7963>, 
<User d8c5e306-ff02-45b6-9997-fe240a69a0e6>, 
<User 2a071945-774d-4a09-897d-419a5a0418cb>, 
<User 9ac633e9-dc5c-46cf-ad50-b0420c01bffe>, 
<User 4a5e1427-8b1c-41c4-9564-6e467e880694>, 
<User 152c7634-9250-4510-80eb-37c5d6db7fc9>, 
<User 81c00fd7-9466-4944-aca2-d3168f039685>, 
<User 8bc78d75-6c78-4e99-a7af-753b91ec66d3>, 
<User 60232810-c526-4b0d-bb1c-46fc2768af3d>, 
<User 2a53ae64-7b05-47ec-9f03-e61c56d6154a>, 
<User 5352c8e2-31d8-4732-a7a0-96be1c468c19>, 
<User 3268cce5-ee1a-4351-a923-0d095f3feaf2>, 
<User d3dc5a41-2c88-4fe5-83f3-7d5b7d62e89a>, 
<User 04bedcea-51c9-4f29-aaf8-6e49d1249c3a>, 
<User 71c2027f-ad50-47f4-9cef-fae8fb66f71b>, 
<User a4267230-7398-410e-abda-caa9e821aa0e>, 
<User 2ab0dbf0-0960-43bb-8861-9eab683775e5>, 
<User ac448cc3-4ec7-4eef-8567-e29013ba652e>, 
<User ed319011-1b7e-4f4a-8212-b86e6a229179>, 
<User 7b12cd13-6dfe-472e-9b11-541c6a3ca15f>, 
<User dfd367fa-d7ba-4671-a4b6-7cd9f6d3c93f>, 
<User f2c38d64-8d7e-4c00-9f10-8ef6293b2fa6>, 
<User a102761c-684a-4127-83aa-269219109b6b>, 
<User 98d6d8fe-fa2b-4d60-88ba-10859444bb60>, 
<User fd2950e6-1f9f-415a-bae0-2e3a5f50cb30>, 
<User 1be7327b-41aa-4706-87b1-1c2cd117cb84>, 
<User a0d600ca-6351-434f-b305-5df47887f409>, 
<User d2752198-2e66-428c-893c-2c1a44f19f10>, 
<User 19275a7f-ee39-45bf-812c-ef5a94316001>, 
<User 82ab67c1-4c4c-47b0-8a40-55bb87831fc9>, 
<User 8e5e8f15-b95d-454c-a03f-c45d182978a6>, 
<User 63f0c723-c7f4-4e0f-bae1-3229bee7a7a0>, 
<User c485f8cf-9cd2-472f-83ba-362a87fc5d63>, 
<User 8b61645a-66dd-46ba-93d2-50463d095399>, 
<User 288d8908-61ba-4731-a188-c15e6d27121d>, 
<User 920bb1be-631d-49a3-bd6e-3d3696cb7aa5>, 
<User 9be2754b-8009-4ec3-b600-497f67341925>, 
<User 1b5ed8fe-8835-44d2-92db-46986dc803e3>, 
<User 8343cd2e-34f8-4060-a9fb-7f5be794d423>, 
<User 0aa57d24-9fcb-4abb-b109-4f950f263d98>, 
<User 18888c35-f374-4770-a0cc-5d241225e494>, 
<User e5f2a13b-28a5-435b-a775-b4904af12fa0>, 
<User 307d6c1d-42cf-436a-ab8e-70dbf07b9fe6>, 
<User d2e122a8-6835-4e66-b984-385635e6be6c>, 
<User 31c5d623-9ae3-4983-aac1-5b20bc4114c9>, 
<User cfb33bff-3e97-4477-82b6-7832bc0e61fb>, 
<User c062fb5c-3225-4c45-bb5e-252896cf8c7e>, 
<User 7022cddb-ef83-494c-bcb3-6c596d5965b0>, 
<User 93003a57-7df3-47a4-8962-6de7f3c0390a>, 
<User 2e3c64e6-31f4-4ee1-bec9-30d26f98cb62>, 
<User 38cc67ae-e635-46c6-8b64-be19cba57a50>, 
<User 961657e5-d33b-4120-a7d6-dea4b76c4023>, 
<User d9faf9d3-4513-4c2b-a3ff-49a3f0345095>, 
<User 8216227b-55ee-44fa-bc1f-8a2e14f23ce2>, 
<User 648edc81-ff21-4b1e-bc81-4a035a104641>, 
<User 4631162e-7a21-4d17-a65d-190a0c5100a3>, 
<User 60f14964-63db-4c89-b5de-190ddd3b3f34>, 
<User 85cc1b70-95ed-42cf-9928-9531a11da082>, 
<User 2f4c5a61-3dc0-4a9a-8cd5-ec45d2024be6>, 
<User 56803fd3-00b5-42f9-8609-3cbc837646a1>, 
<User 0a33f4d4-8246-4baa-ba55-488e100737b6>, 
<User 2cf29d34-ea90-4107-9aa8-e47a5a820a54>, 
<User 06ebc1a1-fee9-4bf2-a1c0-20cc3bb7ed10>, 
<User 2ed63c20-703d-4e32-b764-4061cb5a9382>, 
<User b4c53cad-24c6-4cb3-8fac-17ced1f7d58d>, 
<User 32103734-7bf9-46fe-9d73-9b249162911d>, 
<User 7bb886e8-7e21-4bca-8aa7-8437318af333>, 
<User 3c766ed8-a1c5-47f7-ac9d-8ac6d664b700>, 
<User 9a2443af-d63e-4083-a546-8db33e50d952>, 
<User 15dae687-8f64-46b7-a579-3dd5f71a6d37>, 
<User 46017c15-0cc5-41f8-90a0-299545d936a0>, 
<User 46ba9c0d-a114-40db-89c5-fe7c8e5bfa74>, 
<User b3b51deb-2d90-43f1-9dc0-70da70ff52d4>, 
<User cbff467b-531d-4916-9d4b-057d207ad352>, 
<User ad68a71a-4cca-4ced-8265-71b38b1dec97>, 
<User fec9cacc-17b3-40aa-901a-3495035c61f1>, 
<User 76396132-895e-4a04-8c2d-6bfa9ae6a0e4>, 
<User b486b12e-7bb9-4a1c-91df-c66eefefd7ca>, 
<User cde1ceff-6383-4faa-8380-32659149848a>, 
<User 6cd6dab2-8d61-44c1-bdf2-69a3b393115b>, 
<User dbb1b610-94ea-4490-ab2d-ab33393a0fde>, 
<User dc19e209-cc9b-405f-ab3c-9c34ccb48ce4>, 
<User 72b3e798-7178-48b7-8c92-94ca36b63d6a>, 
<User 55f06667-c8b2-48ec-a62a-a65cc65cdef1>, 
<User 3c5a6d00-b53b-4bb2-b713-7918f592b54f>, 
<User d4ee633e-be74-48f2-9750-b29dca7c9f82>, 
<User fc89c93f-824f-446a-9c1c-2a4f344ba848>, 
<User 6936d1c4-c285-48a1-bc1a-a2a4248db8fd>, 
<User db20ed55-3424-4e3b-b108-f5d37f84a6e5>, 
<User c531cb19-d264-4d3d-9168-69eba84271bb>, 
<User a27bd810-089b-42df-aa70-ef845094d429>, 
<User b90ab679-1bb3-4311-8fe7-b40331ca486d>, 
<User 0f91bb0d-5a2e-4bca-851d-4ecce90cdff5>, 
<User 9633e761-3663-411a-a0ad-77d957c2daaa>, 
<User 7ed8344e-c3ea-4ce8-bcad-86d4429c22e9>, 
<User 192cffae-a050-49d0-82f9-ffb32dec9f8d>, 
<User 4837a494-e0d0-499e-b292-fe8a00115da2>, 
<User 141618ab-ebaf-4c37-8820-ae5d6ef4a844>, 
<User 92a17e27-03d6-45cc-98bb-8b8ee3802453>, 
<User fe360dbb-744c-4d3c-96ed-c7eaba9141f9>, 
<User 6fc86750-95b3-4fc4-89dd-ae8632811d44>, 
<User 7dc70166-b5c9-4614-9f41-ec8eac989a60>, 
<User 96db0bb8-9ffc-4c83-8568-f6285fd0121b>, 
<User 034f05cd-8878-4a88-90ce-470eb24871e1>, 
<User f7161dc2-9bb1-4d3a-8112-78b9cc93c771>, 
<User 0d831505-d4b0-4983-9a0f-b8356287e41a>, 
<User 614c77b4-4b89-43eb-9a03-0853e875185c>, 
<User f250dd46-f75f-4636-84f5-754bdac9de2c>, 
<User 0ff6f7be-f666-45b5-9700-971004990fe2>, 
<User 400564d1-a27f-4b97-9250-a32074e54cdc>, 
<User 4d7cde1b-36fd-4ad5-b271-3aa7153bcb08>, 
<User dfb9b1cf-8d75-4da4-a5fa-934ffa16d834>, 
<User 054b966d-face-415c-94e3-fff5e6474813>, 
<User 9039084f-7a08-404b-ae31-dc8659e1226e>, 
<User 107ac70b-a231-4b58-ab60-c61dfbff8826>, 
<User 255e2a4c-4c06-4048-8563-9f9066f85091>, 
<User ccf77bb2-d2aa-4763-9c3a-7d2faef30def>, 
<User bb0a9ea3-c3dd-48c0-89fa-3da7edd31830>, 
<User 964b4679-bae5-43da-b5d6-4033218ab2db>, 
<User 18414a71-8522-439d-9073-05850173372d>, 
<User e418c4b1-f692-4e0b-8b29-c13713878737>, 
<User 123da0b9-04f8-4850-b2ea-02b61fa0e9b2>, 
<User 138eca3f-e192-4253-a45e-b488da01eb7a>, 
<User 0728b9ca-518d-42bb-806d-daccd53bd3f0>, 
<User f69e5a9a-a6d8-4404-8999-6a8c828341d2>, 
<User 92d9f194-b0a1-4cd2-bc8a-ccaed5852d83>, 
<User 415f4d94-3110-4c2a-88cd-c6f3b3344113>, 
<User 0500ff50-8233-4b9c-9355-5bef07555774>, 
<User 4f7a53a2-2eb5-48d5-a75e-12777974db30>, 
<User e3d66099-f97e-41ac-ab36-bacc400299a6>, 
<User af078015-5f0d-4583-80e6-fa0f3d13b845>, 
<User 2e95d4f5-8a02-4a58-b0d9-1fcdb12a5eb5>, 
<User 58928c2c-edb0-4887-b02b-f9715a62429c>, 
<User ce8ebac8-7c18-4293-bedb-7ee46ee100f0>, 
<User cede8c6a-5958-48f7-84cf-21163ed55842>, 
<User 8b7992f4-6efd-49d3-b807-35ff845761a3>, 
<User 0559d0d0-a585-41c9-bf58-e2092b5c323f>, 
<User 5496ac4d-7602-476b-b7df-cb15e5c9272f>, 
<User ffdcf382-42e5-4bfe-a41a-1b638f5542fa>, 
<User 84c5a268-1e9a-4754-b6ef-602436468eb5>, 
<User 2d91c249-0fe5-4f97-9ea9-34d22da02294>, 
<User af4d1ed0-26bc-4f47-bd8f-48682976aff3>, 
<User b1b49db6-6de6-411d-83ed-a1a7ee8911ea>, 
<User 9140b2be-252a-4a5f-b0c0-1280cfb87f52>, 
<User d435eb6f-53f0-41c4-bbae-2b2df7eecd93>, 
<User f0ea59a7-f83e-4b24-83bb-54ea720d4c58>, 
<User 55139f88-bb5e-4d4a-bd0b-d2ec199199f1>, 
<User f6757529-2466-4e08-a23d-21092aeed2fc>, 
<User cce26a2a-3efe-413d-b95c-63a2dc7c7987>, 
<User d53045ce-2845-4675-b429-72bf347da7bb>, 
<User 85cd57dd-555b-43dd-9c1b-9c23df4289b0>, 
<User 5886bf74-2c42-419f-8036-bd9ae395a0c6>, 
<User 0b6fcb7d-36f8-4b56-b388-ac7417b52b4d>, 
<User b76d0768-8e37-4288-b69a-053b7cbe16b8>, 
<User 1e9d54fd-228b-4bfa-89b7-0ab189850fcb>, 
<User f833449c-8e2f-4033-af37-675f34920810>, 
<User 490de57f-56f7-4a50-9219-af74b8fbd6ca>, 
<User a253633e-ec40-4ae3-8912-43836b26bb70>, 
<User a757273f-6527-4dac-845f-5f527b7fac41>, 
<User 90c4037a-3f9f-4673-99c3-2aef30d2943d>, 
<User a1ae3a64-78d1-49c0-9d72-3a72819ba6bd>, 
<User 78e4dae4-f5ae-4824-b877-18bef9e71425>, 
<User 42112d82-1d2a-4d9f-ac45-50a514f60b7a>, 
<User 42bb26fd-583f-44fd-968d-43eff767cd61>, 
<User e8114bb5-3e38-4c8b-a5ab-47d73bb8be8f>, 
<User f97f11c5-3706-4c6a-886a-5b985ab01fe0>, 
<User bd1a9207-6932-42ec-9fca-b10822e553c1>, 
<User db7f69a8-5303-42a3-a66b-23225beb8a83>, 
<User 62970095-221d-41db-a691-ef05cefe7326>, 
<User bb3320d2-fa24-4671-9337-910337f90a19>, 
<User 78ac5e15-7bb0-4f6a-9e4d-df30e815d8a4>, 
<User 93ce6250-10ad-4f22-9c9e-410988a784c4>, 
<User bf7a2052-c6d7-4f7f-901f-1b1cb8919439>, 
<User 01129d76-fba8-4db9-8246-de9ae3f58e69>, 
<User d4242d80-8937-4948-8d3d-1d70a2d58ddc>, 
<User 00fba6c2-634f-41bb-b4c4-dda80177c3b8>, 
<User f7517da2-b740-4eb7-a260-b9c5e39fa316>, 
<User 1dcdbf51-8f2b-4a37-920e-58af71f139ad>, 
<User 194412b9-3e3c-4b42-9712-e640fe6d441c>, 
<User 9a0a208e-0e20-4df6-befb-46649fc93337>, 
<User 2e56e521-c146-4200-919b-40503e81aaf4>, 
<User 1bdf3763-6dfd-4ad3-9d01-7e7fe7b8fefc>, 
<User 65e108f4-b83c-4e78-8d0c-46bc3986f8c9>, 
<User 52baf4bc-2c3e-41e2-a869-7e49ec376542>, 
<User e7f4a40e-71ff-4204-bbe5-5c08014fba86>, 
<User 465d87d9-fa0d-4dae-aa21-6678065fc46b>, 
<User cef287a3-2d87-482f-8217-aaf71d36081d>, 
<User cd12d662-d482-4b88-9705-3f21bf273b2f>, 
<User 0955cf03-c118-4cb0-84e6-7f96fb66f025>, 
<User 0167852e-a330-4614-b2a8-8c36d3031488>, 
<User ccef26de-c13d-424b-a17b-3f3f079477c2>, 
<User 2c3ad37d-ad7f-4e51-8e6f-7f07892a53ba>, 
<User c38c8642-9559-4ac0-8864-4cd7e1fad97c>, 
<User 4d7de670-8f27-4330-b049-937b9849f8e9>, 
<User d210e116-6f13-42e1-8a5f-6d240f72cb4a>, 
<User 2c377e2c-b905-457c-b829-ac91c07308b4>, 
<User 7187b8aa-b413-42a0-a1ae-797593a00d02>, 
<User af0582ff-7364-467c-b149-2beadbcf5aca>, 
<User d1ee1b50-17c5-43f4-bf10-b796e158feb3>, 
<User 206d7f7c-1a14-432d-b8e6-635bf522f78a>, 
<User 82b22466-8451-441a-94a2-4c0e79fd8266>, 
<User b565f959-a42d-469e-9d4d-3b95957e7cf4>, 
<User 837febdb-9185-4dbe-b6ba-ebd587773026>, 
<User ef991226-134a-48e0-9175-e7d9bdf5aa7b>, 
<User 94751767-b4d1-4545-89d2-70885661a41d>, 
<User ad8b5803-9360-40bd-b960-d0cf1911b8fa>, 
<User 327a7b51-8b91-47a5-b055-94d5c97b64df>, 
<User 55095e0e-ec4b-4951-bc2a-9b5ff9a53a14>, 
<User d714f669-a9ee-4fc4-8d86-5ed24c5dbe51>, 
<User 4a0fe2f9-4bbe-47f6-b63b-fd96ae440cc6>, 
<User c50eb205-4eca-4bed-8cfb-18633d9de948>, 
<User acdddc7d-2c83-4432-8729-46cbbfe0de1d>, 
<User 27482e64-16d0-4d03-bae8-aa81e74a6e40>, 
<User 2ade0068-392d-491c-8253-e77a7531b0e0>, 
<User 04a36a56-c4f4-447a-8258-00df1736b242>, 
<User 5b5c1a59-cf77-414b-a04d-3c214713748a>, 
<User 1019f809-d993-4601-9f51-12c5c0205820>, 
<User 870ff687-0b05-4e4b-96eb-a4bf63c79aa1>, 
<User 4f765c55-5e95-4035-9269-7b1af8e95315>, 
<User e0460d8d-ec1a-4fc4-8be0-fd2339edbf13>, 
<User 536fb80a-3453-4997-90a0-0ad7c3dba0c8>, 
<User 55c48156-3eab-43a6-a466-f000b1fcd693>, 
<User 7db60279-ab31-4ae7-8f09-7a8020887750>, 
<User 78813a43-47c6-4780-a2f0-e61055e49541>, 
<User 00b5efe3-dcf6-4884-87a5-5455c608318b>, 
<User 0366a60b-bddb-463d-a6d8-a7176c11bf5f>, 
<User cc8f32e6-ac0d-4127-9935-7109929e3a2d>, 
<User 6a84b6f0-cecc-4689-b6da-90775b3bd945>, 
<User 00395a3f-e246-49ac-89d6-99ff02f02fb9>, 
<User 778046a5-f6eb-42a8-99f0-f5f5e7275b33>, 
<User 03281127-d93f-42f4-ac82-0e808d9afcbc>, 
<User a3c1146b-643e-47bb-9aef-b6e7b93fd2e2>, 
<User 8a57e47b-29bf-456e-a28d-a702f38fb349>, 
<User 1e743760-4521-4a4c-be50-01bb0d1dd9a2>, 
<User c7d152d4-0778-4bf3-8cc9-bf525a814f78>, 
<User 4f561237-779e-4ba3-863c-acfe19a15688>, 
<User 1107be87-10d9-4d37-823d-4ae7c80d83e0>, 
<User 827780ce-ba22-4aa3-8873-9ea0fb079f58>, 
<User 6c699ff0-efaf-400c-afff-7d8a5bba540c>, 
<User 6f37ca9a-18dc-4eff-959e-4acb3d57aa60>, 
<User d6bfeec7-173f-455b-b281-320cfa37096b>, 
<User 9c19b22d-2d50-411f-8b18-c9f26597c7c3>, 
<User ffe1be6c-a528-484e-863c-733278198b21>, 
<User eb21f422-781e-4a0a-9821-8da89c0c2c71>, 
<User 0045d8fd-6e70-452b-a24e-104c3e40e061>, 
<User 0171acf9-f83e-4f9b-8c69-98cff2c7c11a>, 
<User 6365d8de-7fb4-4329-8e1b-12fd69004ca3>, 
<User 6ec6d23b-9aab-4ba6-9383-7e893ddc9e5f>, 
<User 3295bc7b-7b5b-4de8-9a72-07c9b206b869>, 
<User 47eeab8c-8b90-48bf-820d-8c0f2dbec59c>, 
<User 03e95a76-358b-4a75-8272-519ac839f176>, 
<User 416e915f-8080-4e76-9d94-a515c89b1050>, 
<User aea6078c-b9a1-4962-ae23-b79d2f775f0f>, 
<User 26e17b4b-8a4f-497b-afb2-63905275eb5b>, 
<User cd854056-9fe3-4bd2-a6a3-da74510db887>, 
<User e250d210-c50f-40ca-9ee7-caa047d24683>, 
<User f29353bd-2055-4e58-9d43-199a1cebfb0a>, 
<User c48ecaf5-ba5f-4c12-9597-4d83afeeb031>, 
<User 767901ae-aff9-473b-8ddc-833baa44d282>, 
<User 1f210320-bfa6-4ece-9469-65a8f026c211>, 
<User e5f9d64e-c8df-41d4-a752-6b604abfcb28>, 
<User 80db9b8a-bb77-442b-85c2-0e91466bade2>, 
<User 25d8224b-4b3d-42b7-800c-49409f2fa5ee>, 
<User ccb9ae15-7f7f-42b8-9224-bb456f4c0d3d>, 
<User 8670da7a-9e7b-4296-b72e-d05d66997c1f>, 
<User 389768ac-eb38-46fa-870d-782efa5ffad9>, 
<User eb0d1d02-7196-46b4-ba47-eed168f37dda>, 
<User 21d36c01-5971-4af8-ace9-4989b87eddea>, 
<User 168af5c0-0c66-44a8-be71-24f8f6271506>, 
<User a9e5a02c-2216-4873-a104-3eb47d51555b>, 
<User e2591ccb-4db9-4a25-a6d4-d463e42bff7e>, 
<User 071eb4b4-0f8f-496e-a3f3-de77c2a8b2e8>, 
<User 542b458f-86d6-48d2-9666-1343bbb4bf1c>, 
<User 116ee96d-f19b-4d3a-82c2-76c699ccf494>, 
<User 9fd7788e-0d93-4b90-9663-0af6a6c08ddd>, 
<User 620363ab-55c8-4ab2-bfe9-0e040dc0e06b>, 
<User 861d6d88-a8d7-440e-a5b6-6fd4064ff7a9>, 
<User cb7824f0-abda-4a2f-bcd6-15130edeb2b2>, 
<User f46035c6-502d-47d6-b586-8553280fafd8>, 
<User f2d618ac-2d2e-43fc-837f-0b27b73edab5>, 
<User daaea0d2-a448-4b60-b940-481b1494e356>, 
<User 9030cef9-5e3f-4d63-85d9-0f1d269cd35d>, 
<User c8f38fc2-2ab0-45c2-a8f1-c0acde3aacc5>, 
<User c535efa5-e43d-4ad6-a860-9d66b27c8db6>, 
<User 8719725c-fcf9-422a-8e43-6c918076c09d>, 
<User b1a47b27-a383-4225-884a-86a148c184aa>, 
<User 3d14e4a2-1a45-4f01-aee7-c9e2c8ac7076>, 
<User b5038c90-7b35-4804-964e-23e9131e1c8a>, 
<User b6a42eba-b7de-46e3-964e-fb8293dd01d6>, 
<User 80c0e754-ef74-4280-b327-6cef7d0917db>, 
<User 8a12bb06-d369-4fae-b47d-17d39f0bd27f>, 
<User edfbe75d-2f93-4635-874c-2183b09ab078>, 
<User 4309ee22-1797-49c6-8b6f-1148b08d3aed>, 
<User e3de37f0-b35c-4051-8dac-e4cb5e4b6e6e>, 
<User 9c8f229c-1945-4492-8e55-8778afcb89fd>, 
<User c4113d69-9564-4f06-9399-9f2104d1f1a1>, 
<User 4c90d16d-5ee2-4319-8133-e3da9bfe9b7e>, 
<User d679734c-ee54-45d6-b164-5c0a8c1eea5b>, 
<User a7af1ca8-80fa-4e91-ba38-9e72a7d459de>, 
<User 5bcb6117-a326-4c45-8837-15b977cf6ff2>, 
<User 1b532e4b-239d-4fb1-b5cf-240e94a1a0c9>, 
<User 50d8f39f-53dc-4db0-867d-0d1ad1c5aa7c>, 
<User f2a0effa-81b9-43f9-b17b-29b9a9ced833>, 
<User 08a4115b-5ed4-4094-987d-526fd4c708ce>, 
<User a317217b-d0bf-4a5d-a863-0a256790228f>, 
<User 2176c1b4-12ca-40aa-bc37-96aa198b88ea>, 
<User f90ad43b-36f8-4c9b-a483-1d6b676fc032>, 
<User 9250212e-c3ce-4fcd-816a-557aa3dca9c8>, 
<User a685013a-30dd-4e5a-8edf-239426fb8f64>, 
<User eaae3abc-3064-487e-bb70-5bc36c3eae9b>, 
<User 794c8228-424b-47be-8636-0e6ea30fa8d6>, 
<User 89466c17-51a8-41e9-8999-fe2173d97d27>, 
<User a3874a06-5060-4378-8dd9-9667a23c529f>, 
<User 1d1be677-3fbc-46fd-99a9-dbd6f1fab6f8>, 
<User b81ec494-6386-4890-ad8b-7a4ff0d650e8>, 
<User 493d998b-a15c-43d9-866a-fb894a9d2eb1>, 
<User c069137a-3f31-4910-8502-d6feb4aed7c5>, 
<User 8928201c-0058-4c24-94f9-95deebb557ed>, 
<User 952e004d-87de-4f17-b040-9747ee700c30>, 
<User 25b22cb5-73de-48ef-b677-3df58803b4dd>, 
<User 91e18d8e-1b5f-4bbb-a9c6-634e007f5e3c>, 
<User 9c15bd2b-ce8f-4ec7-a686-1c9948b25a8c>, 
<User 1a3e6f5b-725f-4212-a161-3f2694ee0a43>, 
<User c3f82c75-4727-45e5-b524-192df3d91aa4>, 
<User 93a00ae6-1e11-4753-868e-4cc3202eceac>, 
<User ea9a514e-edec-4d8f-9769-2500789b60f3>, 
<User 53ff3da3-8f32-4f58-96cd-dab47e054e4e>, 
<User 21556bdb-b243-463e-9cee-5ae689fa7fa6>, 
<User c0e522cc-ed15-483a-aef9-6c23a4cc5a87>, 
<User 7fda167b-2294-4cbd-9b63-9577a7b6403e>, 
<User efa3cf79-13d5-4405-af77-36f63fbd163e>, 
<User 10c86216-9842-4cb9-b424-79f0bb8b44f9>, 
<User 56042ef0-00c5-4e68-83bd-ca27ea816068>, 
<User a8f349d2-ee78-4973-ab67-1af8192981d1>, 
<User 6d810980-8ffd-48c7-9197-c69b1b8c3d7a>, 
<User 720c959b-67b9-403d-9834-6db976807ada>, 
<User 5908401f-50aa-4b52-a576-e12133404bcf>, 
<User 6bb2bdea-5fea-4ae0-8ea1-0290ffb574be>, 
<User 5c7cf5fa-3b9d-4bb7-bddc-95982bf181dd>, 
<User c4196be2-9886-4123-9511-9c691c8dad90>, 
<User 37421337-7844-4e8d-beef-cf82ea2dc3f5>, 
<User 9a819ccd-c92f-48e4-9f15-61ac5f02a86a>, 
<User d176b719-9f9d-4cb8-8326-7440ce7f2944>, 
<User 062b4a5a-14c2-46c8-b69c-392f192d2f49>, 
<User fe0d648a-311e-40da-a2ee-34e305f1ed85>, 
<User 37414373-a71a-4e83-9373-9ced3cec371b>, 
<User 8200ad96-b0cb-4b2d-b9cf-9d392816b536>, 
<User ae0aa67a-2c06-4b66-b110-b4b3477b6fb1>, 
<User 500a73a1-8930-4134-83ca-bad004a8ce64>, 
<User f53dff67-3949-4385-b4e3-633d0a680945>, 
<User 8cd68c99-0f72-4c7e-992c-ec598a28fbc0>, 
<User 3b839cde-20c4-4396-8d06-33e125dac953>, 
<User 13026550-4b0f-4ee5-ae56-d1967027133e>, 
<User 972334d9-1dae-4b26-971b-d9eee5ccab14>, 
<User c3a2ca84-27c5-4949-9450-8438458e474a>, 
<User 4708ce50-f5e9-4716-a525-fa3c7b83104c>, 
<User c99e7cba-7d34-4373-8363-f238e2a49a0b>, 
<User 4d9d528f-ac14-4432-870d-509be767a383>, 
<User 8eb2fc6b-e979-49d1-a5ec-9b1a4fe8cc0c>, 
<User 2933ab39-a2df-42df-b9db-13798ca8279d>, 
<User 6aed0604-27cc-452e-be4c-6c75908ba4b8>, 
<User 8a64753f-fb72-4e38-a254-01a037ccd0c7>, 
<User 2850bb94-cdb1-4fd2-87ba-9b933e30f020>, 
<User b5c1792d-b00f-4573-a604-b188e86ef9aa>, 
<User e4f63dcd-0744-471c-b368-ebf20d08663f>, 
<User 1d70eccf-4a80-4d1e-a5bf-492734c03a22>, 
<User 560cfe37-bdcd-4d7c-9ac0-00406e490d80>, 
<User 3bd66a7e-37fb-45d7-9655-228de3877b79>, 
<User ef082398-5f5a-49bd-9439-ba54f57c9911>, 
<User 7481da96-72d2-493b-b20d-4324e2363db2>, 
<User 3d8d293f-6e2b-4c5f-91f4-72dc380af24e>, 
<User 8a8a29b7-9d52-40d0-9b91-d08184007ee9>, 
<User acbac0aa-0a3e-4c5b-87fc-65f2748e8bdf>, 
<User b85954e0-48e8-4593-83d8-190424b0d3d2>, 
<User 10042432-8799-4dfd-8d1e-a703ecdbe222>, 
<User df3b97e0-2678-4ffc-bc63-3a23389b3b2e>, 
<User 4f3c6125-0cd9-481b-91d0-af4cf9cff892>, 
<User 93bec169-6b30-4017-accb-389f74038b91>, 
<User 5526d0b0-7eb5-4cd8-aed3-be7150c3bd17>, 
<User 278e2668-7f19-4963-80e0-3418807ab89e>, 
<User 01edb39c-0496-424c-92a3-9b3be5bd2a71>, 
<User 779d66dd-c39c-4f85-b3c0-a04f86929553>, 
<User 60702971-7f78-4cd5-8b77-55f2312c5c34>, 
<User d4ca32e3-1156-4b9b-91c0-77ff7ccbf1ac>, 
<User f66be0e1-a5bd-40ae-b5fb-beb240686d83>, 
<User f98e0a00-b871-4d54-a32b-616b15920ac7>, 
<User 91410b81-34c5-428e-a1f0-5724ceafd31a>, 
<User 2c91f8d3-72ae-4679-8c2b-c6814699f79d>, 
<User db74c399-c7a0-4985-8c95-c5b35a5ed4e3>, 
<User 08067fcd-5fb1-4179-a04c-7e63bcd1cf17>, 
<User d371d6c6-3527-4871-a78f-f109126e38bd>, 
<User 10b277d0-4699-49c7-8b90-65e3c1630d80>, 
<User 9260a966-638d-4149-a161-9a9ef1b5a4f8>, 
<User f6cd81fa-7baf-4f95-8e94-c6f792d4b2c1>, 
<User 9445e92f-f50f-434c-8e22-69846289594b>, 
<User 2ac90e2d-812c-4de4-8b7b-6b9a90935bae>, 
<User 2790870e-9297-44ab-914b-512e4a6b64fa>, 
<User 323133fd-f4b7-4b03-8769-9023333aee72>, 
<User a5b14007-f148-4d78-b242-ca306f9561d8>, 
<User ba34b11f-747a-4fd7-a499-8b7c17c40205>, 
<User f331bd05-3491-4823-8398-267c6389e4db>, 
<User 31369990-4f8e-4467-ba60-c948128cdb3a>, 
<User 6ea71c8e-9af4-4aab-b060-a2da5a0bef32>, 
<User 47ae378c-277e-4060-9932-242d28d6324f>, 
<User 5249e8ae-27f8-434d-9616-2da6256928b7>, 
<User 0788af4e-0bf4-4bfe-9198-4f4fb7d395e6>, 
<User 2e7cd224-5d36-4880-b4cb-ed0fbdc7c7fa>, 
<User 512219c1-1705-4f00-ab13-bba5d451b50d>, 
<User 0b9b0510-194b-4912-8e5e-96cbc0501271>, 
<User 250c958c-0d4a-4d4e-8c02-887b4ff2fc81>, 
<User c75ff29f-16f7-4175-80fe-2c02096ab852>, 
<User 0ab9aae9-cfb6-4ca4-8b55-4dd7c2326a03>, 
<User 16407fe1-0372-4edc-b308-6e46b3d15040>, 
<User 6ed556ad-068e-459b-9d59-9e98fb524bed>, 
<User 315c6ff3-26c4-48b0-9c4b-c631102a5b3f>, 
<User 077ba95a-e0f3-425b-8de2-f5d53dcc2d4b>, 
<User 1824ed7e-3924-4c71-bcc6-790c290a7b54>, 
<User 9a53d9fe-84d9-454e-9ef6-f0d66c7490bf>, 
<User 731fbbcd-3d68-482d-ae72-90a9f9c909bb>, 
<User e24f574a-9804-4204-959c-8dc52f9f1a3e>, 
<User b51694cb-0b6e-48fb-804a-5317f8231c92>, 
<User a3542627-f07c-4aec-973a-a709a8ec0588>, 
<User 91c54b6d-1ebc-4636-b205-24379b387108>, 
<User 744d37aa-070c-4ec2-ad83-75e3eacba478>, 
<User 3f72e009-6393-4efb-9ce0-9ffa5d1a69c0>, 
<User f2435e31-d094-428d-b0ab-2bf41ec4bb30>, 
<User d222090c-99a4-4105-bb9f-65b866829462>, 
<User f243b949-b218-4649-9f68-fbc79bebd2fa>, 
<User 57612e52-f912-4c2c-8426-47a0faa43753>, 
<User 92b49479-f5f3-4ceb-9b35-9037fcff59b0>, 
<User 7104cecd-826b-497c-bbc0-bd20ff18e380>, 
<User bda53f99-2c18-4a2e-8cb9-6b1b7982ee97>, 
<User 2b0b2b67-7035-4d68-8add-cf49e3f13d4c>, 
<User e98a6fa2-52f1-4fef-8a50-b201911c1945>, 
<User ec7515b7-ec4b-467f-b2fb-3f697783695d>, 
<User 117a41cc-2c79-4cc7-b423-e10e6988ac4f>, 
<User bda44d17-40bb-4e2e-855e-f6e675f37526>, 
<User 35ee431f-6363-4b4f-8fe6-7f1b76fab62c>, 
<User 9a4acb2b-4c0b-4687-b5ca-84c9c44a1b4c>, 
<User 80d272d8-5012-4eab-9439-bf7d32b64446>, 
<User 668bf55f-c35f-472d-8b8a-1790dd30a0f4>, 
<User c4cc24f8-92b5-4353-8a21-58ae7cb4be59>, 
<User cfa1102b-18a2-4960-a5c3-93e5817a9ccc>, 
<User 9cf69783-5127-4c15-8689-d7a2c372aa17>, 
<User 05ac4044-74ad-44a4-86b9-8caddb709868>, 
<User 7263b9d2-7f30-4a3d-8762-99b0fb832cf0>, 
<User 19a68de8-b066-4f85-9e9b-778fdefd9f80>, 
<User ce751ff4-182b-4ed5-824c-52159e2c70b2>, 
<User 5641a894-2509-4575-9564-52b6ee2a0e9e>, 
<User 5fdf8abb-681b-42e3-9c38-8e7b4c393331>, 
<User 5545b1f0-16b9-479d-9aa6-45f8be6beb31>, 
<User ebe920f1-af49-45e5-a144-15ad296b67ed>, 
<User fa1ec2f5-0820-4db4-84c4-007cbd7c43e5>, 
<User 55bfa5ab-d6d6-436d-b4bc-66dedcfe98d1>, 
<User 9a959ce3-7040-48b1-bad1-349309faec6b>, 
<User 25b08d6c-477a-4ea1-91f3-0b616f675ce2>, 
<User 5686c09f-65fc-44d4-9310-d0ac84b67c18>, 
<User 7d479d8f-f066-4f61-9197-32503880a1bd>, 
<User 1957d5eb-6b43-4cdf-87c1-0a2a2d8fb1f5>, 
<User efad8d58-55d2-4a28-a39d-e50266be54c0>, 
<User b2973978-56ca-4816-bb7b-9ac0b86acede>, 
<User 79b32281-b5e3-4e07-ad7f-0692d74f454a>, 
<User dee487b2-4c75-4b05-9583-9fcb0b8b3093>, 
<User 1539a95e-3c58-48d8-9de8-28ab5fceabcf>, 
<User ba9c39b2-8b1e-472e-8714-7cacc76b7499>, 
<User c6d3e886-0a91-4cb8-b91e-3584ce751b55>, 
<User 0062be6b-79dd-45c2-8217-46b01dd9c20e>, 
<User 36b04ca5-f6b2-4ebc-ac22-fba3452e1647>, 
<User 1f1aa6f1-f56d-4e4b-8055-9d9a7509efed>, 
<User 64373392-608b-4743-a057-10c67ce2ff3f>, 
<User 2daf8286-d4b4-4de0-8cfa-670ba1a73836>, 
<User cb9f87f4-4d14-4ad3-b3ea-32d0dcf76e15>, 
<User a50fd2ee-912e-423f-8cf1-90e716e11d13>, 
<User 03211959-0926-4b04-8740-4828d6bae49c>, 
<User 121fd223-9684-4d59-aca3-e7d75eea9010>, 
<User 02c21345-8682-46f5-b34a-db61ca3f1f14>, 
<User 648c30d0-a19a-4377-a5c8-a3db6149da0f>, 
<User 42478a89-3f43-45d8-8875-e44c62278834>, 
<User 666138f4-af91-494a-9d68-4001bb9c9220>, 
<User a7a5897b-bf98-417f-b00d-0b9e59aeaec9>, 
<User 45160f2a-ad6a-46c8-af8e-47fddb09032d>, 
<User e0ffb7d4-ed35-4053-8cd4-8d5b95f577e0>, 
<User daf3f570-4014-4fad-b11d-0fe5334c8295>, 
<User e3f2c883-e85f-491b-b4d4-816e5c159a01>, 
<User 2cb526fa-65f4-4d41-a3af-66e236a3b495>, 
<User 97cbefe7-9ec8-41a0-a86d-e5f3e07a5383>, 
<User bebd47a4-9fd9-4686-85a1-7f5edf3d6e8b>, 
<User 16ce1519-56f0-4c49-8d8c-109671463e6b>, 
<User 2a5e76a2-2bdb-4848-8b5d-42dbaaabbe08>, 
<User 8a3607f3-3f44-4b85-8770-66702892b65a>, 
<User 247a84f8-dd9c-4514-9e70-85f6ea3c441c>, 
<User 5be57498-e2e5-40ef-afc2-6b7b0308a9af>, 
<User 6a2d3b36-cd01-47c6-b5ca-da370f037f69>, 
<User 43743a9b-87c2-4adb-a61f-4c7b2de5576b>, 
<User c3456562-959f-4a02-a992-be5778d9a95e>, 
<User 07c52c39-7a1b-4b1e-8979-fd9287129b91>, 
<User d11188fc-235c-48bc-afaf-09709bbf479f>, 
<User fcff2f53-b219-44da-b94e-c69819b084ce>, 
<User d7bb7075-ac3e-4793-82ad-1f4661ebdf6a>, 
<User e3fca983-0335-478d-bc1b-071be87fa2db>, 
<User 586d39c8-472a-43ad-ba39-efe0c29a21f2>, 
<User 52b0cc8f-2233-4117-b43b-6f4c93c83fb4>, 
<User 815d298b-c9f1-4c3c-a118-6bed6f933dda>, 
<User 7f209665-ea69-49a4-b2e2-a26185d77545>, 
<User 33b9d328-102c-466c-9ce2-7412e19bd4f7>, 
<User f2a3cea5-420b-4d9a-bab5-444801093be7>, 
<User d19d3d0d-c669-4c34-abdc-79a6c6191a79>, 
<User 94881246-c7d1-4160-971a-4f41ededa36b>, 
<User 09733c8c-f6c9-499a-a8ef-5a5e1473877b>, 
<User 19a16af5-af1a-49a4-ab4f-e4837a65aa32>, 
<User 30348751-2820-4737-b8f9-3e92304f6f00>, 
<User b40ed388-5bca-43a9-b1c9-2cab614bd6ac>, 
<User c61a35ca-68af-43b5-a87f-3de1efdf9657>, 
<User bf234922-102c-482b-9c72-bbb4fe2d33b1>, 
<User e8b9938e-6789-4f66-9f2d-e96b3e3c8d88>, 
<User 676506a0-2a56-47c0-a558-06ea698071fb>, 
<User 084b4096-7432-4436-8386-f88f9f851cb0>, 
<User 412b5171-958d-4c1f-a085-5a2b9c1aa002>, 
<User b6a3da32-dab1-497d-a0b7-b6d01ca6e8cd>, 
<User 97dc7c20-7d73-4e94-a01d-ea4dab5d782e>, 
<User 2229e229-59ee-41d1-8114-7893f2326e8c>, 
<User 79755901-be76-49e3-9632-a38ccaadec01>, 
<User e15110e2-770b-4ae1-a6e6-7d5729887373>, 
<User 660febbe-32e6-4dca-85f3-7cec2c892d71>, 
<User 1db079e8-dde6-40e7-85ea-6aa950eca380>, 
<User 611d2b0d-0371-4bd3-875b-68faa7b2667c>, 
<User 5e7be221-3e2e-494d-99a8-5ff822145153>, 
<User 8bf6954d-01ae-4953-b066-4c719f4e4f5f>, 
<User a8d77808-2243-4d2f-bdf7-0737e416b440>, 
<User 5b6a54b8-c7b3-45f9-a6f5-26081d5e8e3b>, 
<User b808e86d-0ab5-4efe-8d9b-8b0e41e61fbc>, 
<User af374ad3-61da-4f76-a779-6d19fb2a708e>, 
<User d0c3cb89-0192-491c-8c2a-d3ba270dd39d>, 
<User 10eeb349-9af0-46dc-965a-b7666f18c13a>, 
<User 2080c356-8db6-4596-8c43-fcfeac368306>, 
<User 8799d4ad-9da5-4867-88b8-1b6cfe7e4a7e>, 
<User 959c9818-86f5-414b-9243-c77e00f0ff7e>, 
<User e0260a8e-70ee-4021-80eb-331611193dae>, 
<User e4b32f3e-db43-4b12-97fb-910698ae65f2>, 
<User d5bc04ef-c8cd-412a-ab4e-682715f30021>, 
<User 5c664252-f36e-4d2f-a3f8-83a3b222cf88>, 
<User a3a8966e-02e6-4fa6-82a7-78beb4337aeb>, 
<User ec35fe01-6159-4bab-a01a-f8d6d0ef430a>, 
<User acf9c8f5-a6d2-4bb2-8316-4685a41cf1aa>, 
<User b7142c74-5ee2-4ee0-9b1e-0240533fc976>, 
<User 576da1fe-0712-4353-ab8b-8545df531d2e>, 
<User dfe8abe6-8cc6-4b5b-bd39-69becf9b6e70>, 
<User d993b554-2a90-407d-8362-2b3cbbb787b7>, 
<User 082f977b-9e0b-47e1-a725-c6760478ca0a>, 
<User 4817a0f0-9b0a-4603-bc02-48d86097dcbf>, 
<User bb4f3c2c-95b2-4f6d-b99f-ce6ba046941e>, 
<User 2285d112-0180-4828-9996-b951486fbc7b>, 
<User cce52b02-908c-4cc3-94ab-c75b0d523480>, 
<User 7b12cbdf-1b6a-4311-915e-a18e328a28ab>, 
<User f88e14b7-26f5-482d-aafa-047036e7645d>, 
<User 2a0751ad-72f7-4604-b627-db30c6d276a0>, 
<User 9c740ae0-1f93-43b6-95ae-a9513c82c4c6>, 
<User 38d21655-cf44-403a-8532-eba6bc75566c>, 
<User eca1cdc7-f662-4af3-b009-7589fd746cd8>, 
<User 4db402e0-251b-4b8d-aa62-294f809ca6b3>, 
<User ea447bee-cc0a-49e5-a866-c85c035a7631>, 
<User d11d5241-1c4a-4129-ab32-0ec41556d6f0>, 
<User c7d6e591-8a5a-4fec-9682-2dfd21776629>, 
<User 7696c53b-339a-4217-bbc9-dcc842945396>, 
<User cfb7c38d-9aa3-48db-b31b-4c32efd14cdc>, 
<User 883d4ce6-fd31-4214-a859-048467da10eb>, 
<User 41d454b7-096e-4daa-9c2b-a7f076ee81c6>, 
<User a91a6851-cd00-47ec-a9e9-18be191ffb4d>, 
<User fece453b-e39c-4b72-bb6e-78a6ceba83b7>, 
<User d14eca3c-b755-4ee1-92be-fafab58f82b6>, 
<User 469e2675-ed67-420e-88db-7ef05f8eada5>, 
<User 2f4522b5-ff58-45ff-a963-beaf3aad671f>, 
<User 32341630-d4b9-4587-8aea-4ef24f48a1a4>, 
<User a3eee7ab-7b75-4ef4-80d9-21f1c510698e>, 
<User 14b5955a-7ce0-44c0-9f2f-38c42c5c965c>, 
<User f265ec94-ea09-4623-9d4c-65df4074a82e>, 
<User 29a186c6-7b80-4d24-80d1-caf7ffcacfe9>, 
<User 038c536a-f670-4344-841c-68cc8ad4a904>, 
<User 1813b447-0e9e-42e4-9c3b-6cc9855cd97a>, 
<User cd604c1d-0fec-4718-9acc-9891d6d8c01b>, 
<User 132f239e-2623-4a72-a5b3-2a0bcc6e4b13>, 
<User 939ff589-36e1-4af1-ad7e-4d407222c61f>, 
<User 93623be1-27b9-4df2-b59a-970f1cf0473a>, 
<User ce069f04-1818-4998-b9b0-1e1fd49cf035>, 
<User 43960662-34cf-40ba-ae18-98a25f4dc763>, 
<User 6bf38b6a-ddc8-49a7-92a3-579e070f7fa1>, 
<User 3d99e497-f24e-49cd-bf11-91195bbfd243>, 
<User 9a003a70-7bf9-47eb-af0b-aee7cd5ea2e2>, 
<User 28712bc7-ef84-4367-9fe7-f13fa5449d8a>, 
<User 95367e9c-32ac-4ada-85ad-13d5168dad8e>, 
<User 7d98f063-33d8-428e-8312-9922f3d0b305>, 
<User d4f93f3b-3922-4660-aa74-0d81706b387b>, 
<User a1202e47-ac87-4d05-9623-4cdf7cbb5466>, 
<User c46d24c6-e80f-4b26-846a-876e7070bbdf>, 
<User abd14f09-9b59-4def-95e9-64dd87bb0ed2>, 
<User 1fc9f760-d1fb-4461-a6bf-20430153fe1d>, 
<User 8fb91c2c-4697-4e1c-a44f-d2eddbfa3817>, 
<User 83e8f582-d22d-4285-a2ad-1dbd8843b801>, 
<User 38f6332b-bf71-4085-9b02-2a0bf55a6d17>, 
<User 8cfa6333-4ba8-4af8-8f6e-5582eae55fab>, 
<User a18e46c2-96c9-41e1-b593-4c9e59ac8462>, 
<User 2edc2512-8929-4fcf-8516-2608527619d5>, 
<User d6011665-484b-4496-ba55-3218affbec40>, 
<User 05755db7-0ce4-466e-8ad3-564570d4d1c9>, 
<User a97f0112-d099-424f-baa0-98d408f23a06>, 
<User 8fb884c9-4068-4bdb-8593-cab849f3c4c3>, 
<User 00795bf5-27e3-4db3-9599-47e269daa9f4>, 
<User 49483feb-d72c-4363-9fbe-ee4948d518c7>, 
<User bb968c18-d9cc-418f-8c47-0b71a566c46d>, 
<User 095c6a84-c547-4409-9f8e-a5ca799ef82f>, 
<User bba93185-70f2-4e9d-850b-a4e354aedc75>, 
<User 5ea291f9-0225-445e-bff8-7cb69218e5c5>, 
<User 2ace4a4a-d10f-4d35-98e1-3466a79aa0fa>, 
<User a79271c4-4448-4caf-a60e-a7098bf6aac6>, 
<User 87543451-53e3-414e-981d-6a5dca4d9c82>, 
<User cd26c036-8ace-4d5f-b292-6f9e50cf3ce6>, 
<User 53b6ee26-6272-47ac-a8b5-78888488ca67>, 
<User 2fcdaaf9-ffd6-4570-964d-5963b3267a95>, 
<User e85029f4-6d2f-4bba-ae26-75fb9742438b>, 
<User 87aa0506-edfd-42e0-9d9f-f275b3653326>, 
<User 7ecf96c6-3a1b-40db-ae3a-d7ce80b64a5a>, 
<User 2900d91f-35d9-478e-8073-fff02fe6084a>, 
<User eea99f24-bdb7-4005-980c-45bf58c3e159>, 
<User b3a2c7e7-3074-417e-b6b0-de6dca6b33d5>, 
<User 508dfc69-5279-4b1e-8a03-2949aaec575d>, 
<User f2e66cb6-074f-4d30-a695-34479a1f236f>, 
<User e6a1782c-5f21-4670-bab1-a610c445247a>, 
<User caddc9f8-91ff-484c-b355-4661fe606a1b>, 
<User 4d74d4e2-e254-4272-8c55-461fb0f6066d>, 
<User 470b44e7-ad60-4b36-b63e-aa274c6dcd82>, 
<User 0e1c896a-ac22-4827-85d8-0ba0652366f6>, 
<User cd462a7e-0886-4a90-995f-8d775a2b1bd4>, 
<User ac05220f-66b6-4f8e-bfd3-607822a68811>, 
<User 75367ed5-f141-4199-abe7-99fbd0226b1b>, 
<User cfd00056-7978-4fc7-b08c-8d187fd5e41b>, 
<User d1d5a825-ae96-4d3c-a92d-d48528df0742>, 
<User a3bf9668-59ba-4ecb-834f-934bbc6ad43c>, 
<User 0d6ed54f-a8c8-416f-a7e1-e48b55b7f5af>, 
<User b1fdc523-1658-469e-a7ea-72a9fd2a05d8>, 
<User f59a6ccd-3d56-45da-a5c0-be44608d9c57>, 
<User 31a2bed4-2f4b-4096-886c-e62737c4d516>, 
<User a0d67968-146d-4d63-a43a-14265af935ef>, 
<User 17c1e3e2-85e2-492d-9548-fd45f892f244>, 
<User e1444e4e-a919-4189-a303-63eeb6590ac3>, 
<User 38900e67-a253-4054-af8c-28cc33b00b3f>, 
<User e8b735a0-daef-4107-850b-5e68de792d95>, 
<User ad06f02b-d5ce-4c18-a113-129c3f4bddea>, 
<User af332788-e177-4a1c-854e-3d7c29b5287f>, 
<User 48c80f8e-51ee-47b8-9bc1-913091fd188f>, 
<User 5a63df57-4a51-4532-9a4b-5bea0115e8e3>, 
<User d800836d-cde9-4eb4-aca4-3a6a254c4c62>, 
<User 5caf6b04-787d-4e38-9483-273c82dc8cb2>, 
<User c939ca3a-ceec-4ca6-95a3-3cfd9830bb54>, 
<User c0716eb1-37bc-4891-b537-329d0392a8d4>, 
<User af2818fb-49f2-4242-888b-8dfb40715e39>, 
<User bd97818f-5418-4c5d-aec1-730c02c550b9>, 
<User 4dc442d2-14b0-48bb-b8c6-ea185dcc445a>, 
<User 912455c2-c701-4288-aa15-f795d0b7ef77>, 
<User bd914394-738a-4ae4-9148-fcd9ad6b4c1d>, 
<User 29109461-8b9d-40e0-9e69-7ab8a68c0bf2>, 
<User 40b03a57-f104-4c6d-b985-bab518077f79>, 
<User 054e9e03-b9f7-4a42-840f-ed5bcccd1763>, 
<User 7538b56d-c631-4340-b861-2a5bb38254d3>, 
<User 22e48527-d702-4737-8707-0cccafe2b44e>, 
<User 0718a506-f832-4130-82b6-a09aa8d6a11b>, 
<User ed67cd14-814e-467d-847f-4bf79d83d13d>, 
<User 57778d32-de82-43cb-838b-9937f53322c6>, 
<User 9bd98565-a074-41df-b6ab-12f0378ff148>, 
<User 34db64b6-b181-4712-9968-29e597625411>, 
<User c917e653-b1f8-4296-9632-7d0ba642acec>, 
<User 0ae03e2f-7522-4e54-bee9-06bd6ebec45d>, 
<User 70e33e73-a42c-4218-b60e-124bce5a88bf>, 
<User f9bfd74c-036e-400c-8ca4-5ff991de8b46>, 
<User 62c03aa7-0db4-4918-975d-5194236cca1f>, 
<User 85c8713c-bc37-4969-8723-7a28836f0cf2>, 
<User 43ccbeb5-697b-4764-9162-fe17baef269d>, 
<User 905aca75-e9a2-4302-90e3-29dd06bdc142>, 
<User f19e02e6-6cd0-4b60-ac60-e65ed358d6fe>, 
<User 83eea329-c4dd-4fef-8000-0cbb0397b2e8>, 
<User 7efc8245-ea10-4dde-941f-7c87e4e9e8fe>, 
<User f7c594c5-7f9e-4a06-bbba-f26ccc98c852>, 
<User ca2f2c99-8272-4519-bbd4-02199df1701a>, 
<User 5745c82b-5c11-45f0-8151-cb197549ce9a>, 
<User 0bdc97fb-c565-4e16-a3ba-1d181ddcb82c>, 
<User de0ee703-1496-4484-91cf-d017cdd1798a>, 
<User e6912858-7ac0-41df-80be-79592f5ab8d8>, 
<User 2fa38c25-d873-48f5-b5f3-b8da345ed6a5>, 
<User eec995a5-ea42-4d0b-b08f-8273658d0b8e>, 
<User fcdcb208-de8c-4876-8842-b271b3d3b1b3>, 
<User c6d5c003-1904-498d-b326-912591780737>, 
<User 1ce739ef-d5c1-4744-b192-8b782d54581c>, 
<User 90f89fcc-6469-405e-86ef-f291cfeed577>, 
<User 0eb0fd03-e062-4255-bcfb-baab420c0d59>, 
<User 0e72846e-38b1-4128-96f8-7f5eed4780e1>, 
<User 9447d264-d49c-4a11-b633-1684e72dc939>, 
<User c447706a-5218-4a1d-a2c1-e77a8c9f9e98>, 
<User 952aab4b-4285-413c-9656-6ab8701d16fb>, 
<User f8f69c5b-4177-4c3f-947e-4fab402be173>, 
<User f848788b-228c-41a9-8171-5bb1720ebd05>, 
<User 27f84125-efb2-436c-bccf-dae491d60acd>, 
<User 07d8b839-241b-49f1-9a31-c6f1b38dea6e>, 
<User 3b63ea3a-99cc-47a3-a30d-1c1eb4ebabc2>, 
<User 54818d10-82be-407b-9011-235ff583a58a>, 
<User 30a5371b-9033-4fea-9094-a5dde1aefc9e>, 
<User 4f82bfa9-410b-48fb-90b0-330bb6b00245>, 
<User 0a8abcf5-3a82-413e-a5e1-12597a86277e>, 
<User 638521d5-698e-487d-9f59-b5e5464f1351>, 
<User 5f2438ad-ac49-4be4-b04f-eeccf826d1e5>, 
<User d8243438-095b-491a-ad4f-76f836283d3f>, 
<User 372b4456-c8b2-40eb-8dc5-23ae6d79e075>, 
<User 341f111c-9f15-44aa-8a48-2bc20f4b5885>, 
<User a4708dba-1037-4a60-af75-5cb0200841dc>, 
<User 35252f44-4a99-4acd-9079-0e867fca88c3>, 
<User fc618677-90f2-43fb-a141-32aea860ca71>, 
<User d567f8d3-2fca-4bfe-92f3-28934e15d59e>, 
<User 48a987ef-0953-49a4-b628-d1254c6c65a0>, 
<User 50a07bb4-b290-4854-9b79-acf0db4b4fcd>, 
<User 00f4a4b4-c624-4e46-b561-6b6f174d62b0>, 
<User 120d7581-91ca-4881-a7a0-8b5c38bc19ea>, 
<User f847aa3a-a0ad-433a-b29c-4f145d0ef2c2>, 
<User f657c612-2105-4b28-abc7-007d15c669f1>, 
<User 5d9e0b65-24a0-4dca-b92d-518f59ed9088>, 
<User a4e47d31-de49-486b-970a-5ac511d21454>, 
<User 4567275b-807f-4f29-91c7-dd803fe8420c>, 
<User a9d6d33d-5748-42f6-9d94-faefc19bfafd>, 
<User 2f9e3388-b4dd-427f-b92e-3756c440705c>, 
<User f88c3e79-8c71-4c04-86bd-fe1024cda891>, 
<User 0cc48448-b4eb-46e2-9761-653730d1713f>, 
<User 912c0db9-4085-44cd-be91-b967ea6e3805>, 
<User b369242b-f016-4b58-be55-1ed298f4c0a7>, 
<User 1c51a581-06e2-423c-afed-5401acd3a9c4>, 
<User 82baed44-e4af-46e7-b2f1-3ae31408136b>, 
<User cabdbc1c-8ddc-4f70-bd98-f23fe5fe6b57>, 
<User 6c527a93-05f7-4d91-bbbd-65725774c9d2>, 
<User 41a74064-a70a-46b6-abc7-ba5eba0d4b61>, 
<User 817337d2-d71f-4ab4-a254-4c264663616f>, 
<User 0c134514-8f5d-4424-8386-e6a4de7a64e5>, 
<User af84415a-9905-4d64-ab1c-ad927468db5b>, 
<User 2f11c06d-b047-4065-b53f-9dac6c00bfc4>, 
<User 9359dc70-2bb0-4c05-bebc-d38687bc5b65>, 
<User b13165b2-c6cd-448c-9c1e-0ab8bc7d2031>, 
<User dab6598e-2ea9-4227-ab45-c3eb12203f13>, 
<User c6ac5e49-07d8-435b-a0b0-1840e261509a>, 
<User 576e0a32-8d8c-48b3-ad70-ddb6267b33c6>, 
<User 9caf8fab-1e0a-43c1-89cd-eeb9f23f3189>, 
<User 759501d7-21d5-4061-9dd6-12766c6131bb>, 
<User 71888103-1fa2-48ed-bf9f-8a1a02f4e927>, 
<User 138e05b6-8d19-4301-bcbc-f8ed83daeb17>, 
<User a364762a-34b7-4fe0-b752-d951fdc878ce>, 
<User e510eb5b-46a3-43af-ad22-0114ea65819a>, 
<User a0de6dea-44d6-4b86-8bfb-1a950dd3925f>, 
<User 2f49b8a3-5bd5-4219-a9db-9ece7d6a5abf>, 
<User d2fd0591-4ef7-44e8-a1e7-4aa536e65b96>, 
<User 136846d7-54d7-4b8d-b671-8e61f00385b6>, 
<User 63f32723-db1b-4d2a-b306-589d3994a19d>, 
<User b128db89-5ddf-4e51-ab21-0fdfe43ecbd8>, 
<User 15fa1094-0c91-4f1c-831c-e32c1b95d4a8>, 
<User d8817c01-0b01-4a90-b4f5-c0c9655c6ce1>, 
<User 327a4d23-bcc9-46e5-ad01-b04904566729>, 
<User 2453fb48-31af-4df7-8127-e7f2ac56aade>, 
<User 54473a0b-4dee-42ca-a476-83fecfebefe9>, 
<User e24f50ec-5b0e-4db2-bcb8-271dcbecb028>, 
<User ee4cd06b-d5ec-4943-969c-ccaa0323c730>, 
<User 2fa11c5b-835a-43c6-a56c-60715aed17b2>, 
<User 3b47c48f-77a5-4d4b-8984-c09f177f97d8>, 
<User 369dec3d-b7be-4cb2-84dd-f8c2e416ef60>, 
<User 60e8c11d-0fe1-4b64-bd05-01a68a49f3bf>, 
<User db64d8db-94c6-4a25-89ea-d7e999789601>, 
<User f14f2ea3-f3f3-4e6a-b183-1107cd1cf08d>, 
<User e486cb7d-8d93-4451-a534-af3224754597>, 
<User a3c9cedf-fbe8-481d-a846-5acff2b54734>, 
<User e39e1a21-376b-4fb3-a80d-8600f8b67bb1>, 
<User 0125af90-7557-4906-bbf9-232c588c74ed>, 
<User b57d3518-4c57-4885-99c2-1c9fefde6ab8>, 
<User 80c2bd08-1cef-4ceb-bee7-657f6f376ec7>, 
<User 5258ee29-11c6-4413-902d-dac152012e6d>, 
<User 5acc23dd-e06c-4aa1-9956-e83cc9575e6a>, 
<User 1dc4d07c-697f-444d-bc13-b63028e2a81a>, 
<User 82244595-70b6-43fb-a565-e4fd0393b445>, 
<User b1dc0b89-e55d-43bc-955d-1e902ce9e520>, 
<User c376ea2a-d64c-4e20-9e50-c462ebbd562e>, 
<User cace84e7-a11c-49b4-9acf-9c85e279c767>, 
<User 0a0bfd58-064d-4fbb-bfdf-1d683e7f4086>, 
<User 4f320d6a-762d-4f80-abe1-89fa8ec5d85f>, 
<User 130d9752-737f-43f8-95a3-b08a127e52dd>, 
<User 8346f787-99df-458c-802b-82c4e50b41f6>, 
<User c35f8924-7d5a-4f80-b413-c9339a269df9>, 
<User 20fd5d01-da2a-4b30-a584-11803f455910>, 
<User ebe9e0f6-8587-49dd-a59b-249235963d7f>, 
<User 0464c10a-b42c-49fa-9800-48e0a439d250>, 
<User dd0467c7-617e-4fa7-b9b5-182b0e8077a6>, 
<User b042f960-29e0-4da0-8139-478d82623904>, 
<User 864c9c4b-f20e-4b3f-910d-64c3d1cc086e>, 
<User a12e5de3-7447-41a7-aa8b-1c94ad7ad6a4>, 
<User b948c6d3-56f2-485c-b306-bbdae37ade06>, 
<User 87eb7da4-54a5-4237-a229-0cfa5e1eb1d3>, 
<User 8480869a-2239-43ed-bed2-86d002489c1b>, 
<User 3810e589-b51e-428e-9b92-84a69f669667>, 
<User a776962f-9d94-45ef-bac8-d54823d76406>, 
<User 647503cc-e851-431d-86a2-65935e363fa1>, 
<User fe00308f-56e2-4532-8ec4-f4c740a3d1b2>, 
<User 37490197-a196-4e99-9b9b-0ff974720ee2>, 
<User 4606a2bc-cf39-4781-9575-114cfcb631a2>, 
<User c4428c41-3a5a-49d0-b339-350f3996e0f2>, 
<User a7aa8847-97d6-45e0-9e67-3beabc8f07c1>, 
<User 3916fa2f-ad7a-4835-9e16-2fd2ff5c1da1>, 
<User 04683a03-5988-46f9-abdc-997e3fe69f11>, 
<User 4b088a9b-0a27-4830-b1cf-2491e6170b1b>, 
<User 3a08b4db-961f-487d-97af-a45f8fd15ad1>, 
<User 2fb57ccd-a483-402a-97af-3a64a76c5022>, 
<User 90cdfb9d-78c2-4e84-9d9c-b5c8fb1f15b5>, 
<User 43e436fa-81af-4e20-bede-3033bc01dd5d>, 
<User db6a9dd2-db48-4add-83f4-88fecf483b08>, 
<User da4656f4-04f6-4331-b15a-4f249af0f2e4>, 
<User 5267e14d-86a5-4879-8f8c-c8d450af907b>, 
<User 6ef4411c-3923-447a-9cd6-9d08a1d92073>, 
<User ccdee244-2289-41f7-a5da-4b20d90f774f>, 
<User f8ad5e72-9f34-441f-8326-ebb47a77531d>, 
<User c87d69f1-9500-40cc-994e-5be30a142b8c>, 
<User e7575b0f-e562-41e3-ab96-07986a91e436>, 
<User eb4dd999-aa90-4d09-bc2e-c76695d9939c>, 
<User 9f7ecf08-dbdf-456c-b829-2d5a879c4e6a>, 
<User f83d6006-3bb1-4f99-8020-630d32645ed2>, 
<User b2d817d1-2ddd-42cb-a2c9-0511495173dd>, 
<User 67bf68f2-0a72-4318-9635-5d6d2cb4c1e0>, 
<User 5fb1f5d7-2624-449b-9392-015a194e4239>, 
<User 93eed031-55a0-4be0-8fad-52116b7a0640>, 
<User 32160f7a-3e80-4d73-985a-62e5dbfe18f4>, 
<User ffb3f445-5e66-4534-8514-73d358717c9c>, 
<User cbf2e6d9-1e67-4ac5-9c56-dc7f7a13fa7a>, 
<User 0d9930b2-8e38-4bc7-a80c-7b939fe55f03>, 
<User 2aadacfb-a6d7-4a16-a8c3-8bd04a38785d>, 
<User d85f3eb4-0c05-4eae-ac23-c423b35a4af4>, 
<User 9315ff7b-a169-4bc1-971a-c723e5698c00>, 
<User 76f921a5-5bb3-401e-a87e-bd1653f9f4db>, 
<User fe95dac6-ae71-490d-974e-3d3a35173206>, 
<User 39c06500-202a-45fa-891d-bdbf60207a87>, 
<User 5fcdac2f-4783-452d-9633-18d11ea032c6>, 
<User dac52711-05ff-4a72-ab66-7c61660b9b9b>, 
<User ee175027-3099-4d59-8ac4-3040ed913196>, 
<User d978879f-fd64-4c8a-99cc-56d73673152d>, 
<User ed8ada56-5ad5-40a7-99c6-5a9b91c33ed6>, 
<User 7932d556-e1b4-419c-9b9d-0da3f6895a89>, 
<User c5142538-1b14-40a9-a1d1-40aace6277f3>, 
<User 17eed389-ed3d-4d39-ad7f-adaf9e02cc0f>, 
<User 0f4f1cea-637e-4712-8b9b-f165893a83d9>, 
<User 2198466d-7174-4bfa-87c8-31c70a33685c>, 
<User 4eeb91ab-8640-4bf7-9eee-8c96067c85c6>, 
<User ff4906e1-7f58-4830-b30a-322e64e863fa>, 
<User abd00044-b8dd-4bb0-ab9b-918ade174796>, 
<User 66443664-c9c2-47d6-b51d-ac066ed11692>, 
<User d97ee499-cec3-402a-af48-b84752c4559c>, 
<User 31616c06-2871-435a-a1e8-795b99695a63>, 
<User 16c405da-f392-4106-afe1-548bcc637c52>, 
<User bf61e6c1-38af-4854-b6ec-6a5710a457cd>, 
<User 03797de8-8b87-4342-af2b-941f55e8b3f9>, 
<User 14d92db8-743f-437d-83db-0cd2cf40d873>, 
<User 1875a186-cd04-49a0-9451-f32842faabb8>, 
<User 5705f8f3-a602-4e8f-a0c1-3349765fdd1a>, 
<User f1cb27c3-342f-4795-9f8b-0b9ffaecf56f>, 
