{'id': None, 'name': 'Jorge Sullivan', 'username': 'tammy59', 'password': None, 'email': 'achang@example.org', 'gender': 'Male', 'fake': True}
{'id': None, 'name': 'Victoria Patel', 'username': 'kyleblair', 'password': None, 'email': 'juancampos@example.net', 'gender': 'Other', 'fake': True}
{'id': None, 'name': 'Martin Harris', 'username': 'hramos', 'password': None, 'email': 'thomas15@example.com', 'gender': 'Female', 'fake': True}
{'id': None, 'name': 'Ryan Page', 'username': 'salazarmaria', 'password': None, 'email': 'trujilloana@example.org', 'gender': 'Female', 'fake': True}
{'id': None, 'name': 'Keith Allen', 'username': 'lindawest', 'password': None, 'email': 'jessicapadilla@example.org', 'gender': 'Male', 'fake': True}
{'id': None, 'name': 'Michelle Kelley', 'username': 'tamaramorrison', 'password': None, 'email': 'nancy71@example.com', 'gender': 'Other', 'fake': True}
{'id': None, 'name': 'Donna Lopez', 'username': 'antoniozavala', 'password': None, 'email': 'sean96@example.com', 'gender': 'Female', 'fake': True}
{'id': None, 'name': 'Tammy Kirby', 'username': 'hmassey', 'password': None, 'email': 'rjones@example.org', 'gender': 'Female', 'fake': True}
{'id': None, 'name': 'Jennifer Hill', 'username': 'skeller', 'password': None, 'email': 'melissajacobson@example.net', 'gender': 'Female', 'fake': True}
{'id': None, 'name': 'Sarah Sanchez', 'username': 'dave35', 'password': None, 'email': 'nguyendarrell@example.net', 'gender': 'Male', 'fake': True}
{'id': None, 'name': 'Colleen Montoya', 'username': 'johnsoncynthia', 'password': None, 'email': 'ronald01@example.org', 'gender': 'Other', 'fake': True}
{'id': None, 'name': 'Alex Woodward', 'username': 'jennifermendoza', 'password': None, 'email': 'myersmitchell@example.org', 'gender': 'Other', 'fake': True}
{'id': None, 'name': 'Sara Jones', 'username': 'lucasmichael', 'password': None, 'email': 'gilesandrew@example.com', 'gender': 'Male', 'fake': True}
{'id': None, 'name': 'Jeanne Green', 'username': 'kmassey', 'password': None, 'email': 'gordonbenjamin@example.org', 'gender': 'Male', 'fake': True}
{'id': None, 'name': 'Christopher Moreno', 'username': 'carlsonscott', 'password': None, 'email': 'tammybrown@example.net', 'gender': 'Male', 'fake': True}
{'id': None, 'name': 'Sylvia Banks', 'username': 'qmonroe', 'password': None, 'email': 'ruizrobert@example.net', 'gender': 'Male', 'fake': True}
{'id': None, 'name': 'Douglas Allen', 'username': 'sbell', 'password': None, 'email': 'ellischristian@example.net', 'gender': 'Other', 'fake': True}
{'id': None, 'name': 'Paul Poole', 'username': 'smithjames', 'password': None, 'email': 'brittany92@example.net', 'gender': 'Female', 'fake': True}
{'id': None, 'name': 'Megan Baxter', 'username': 'moralesjacqueline', 'password': None, 'email': 'johnwalsh@example.com', 'gender': 'Female', 'fake': True}
{'id': None, 'name': 'Joseph Freeman', 'username': 'hensontroy', 'password': None, 'email': 'martincaleb@example.net', 'gender': 'Female', 'fake': True}
{'id': None, 'name': 'Zachary Schultz', 'username': 'monroedavid', 'password': None, 'email': 'zwilliams@example.com', 'gender': 'Male', 'fake': True}
{'id': None, 'name': 'Adrian Fischer', 'username': 'leecharlene', 'password': None, 'email': 'aherring@example.com', 'gender': 'Male', 'fake': True}
{'id': None, 'name': 'Jennifer Miller', 'username': 'robin14', 'password': None, 'email': 'joshua21@example.com', 'gender': 'Male', 'fake': True}
{'id': None, 'name': 'Daniel Green', 'username': 'stacey90', 'password': None, 'email': 'darin24@example.org', 'gender': 'Other', 'fake': True}
{'id': None, 'name': 'Seth Thompson', 'username': 'amatthews', 'password': None, 'email': 'djoseph@example.net', 'gender': 'Male', 'fake': True}
{'id': None, 'name': 'Gina Oliver', 'username': 'nelsonedward', 'password': None, 'email': 'josephmorgan@example.com', 'gender': 'Other', 'fake': True}
{'id': None, 'name': 'Nicholas Peck', 'username': 'hayden81', 'password': None, 'email': 'michael82@example.com', 'gender': 'Female', 'fake': True}
{'id': None, 'name': 'Justin Olson', 'username': 'mary51', 'password': None, 'email': 'thouston@example.com', 'gender': 'Female', 'fake': True}
{'id': None, 'name': 'Michael Moore', 'username': 'courtneybennett', 'password': None, 'email': 'lyonsronald@example.com', 'gender': 'Other', 'fake': True}
{'id': None, 'name': 'James Garcia', 'username': 'shane79', 'password': None, 'email': 'joneschristopher@example.net', 'gender': 'Other', 'fake': True}
{'id': None, 'name': 'Carol Lee', 'username': 'brownmichelle', 'password': None, 'email': 'rodneyrichardson@example.com', 'gender': 'Other', 'fake': True}
{'id': None, 'name': 'Jonathan Scott', 'username': 'shealaura', 'password': None, 'email': 'leachshannon@example.net', 'gender': 'Other', 'fake': True}
{'id': None, 'name': 'Brittany Hinton', 'username': 'zhernandez', 'password': None, 'email': 'danielellis@example.com', 'gender': 'Other', 'fake': True}
{'id': None, 'name': 'Erica Jimenez', 'username': 'mreid', 'password': None, 'email': 'frich@example.net', 'gender': 'Other', 'fake': True}
{'id': None, 'name': 'Sabrina Johnson', 'username': 'nancymorrison', 'password': None, 'email': 'alecthornton@example.net', 'gender': 'Male', 'fake': True}
{'id': None, 'name': 'Andrea Miller', 'username': 'jonesdavid', 'password': None, 'email': 'taguilar@example.net', 'gender': 'Female', 'fake': True}
{'id': None, 'name': 'Sheila Murray', 'username': 'william88', 'password': None, 'email': 'blakeshane@example.org', 'gender': 'Male', 'fake': True}
{'id': None, 'name': 'Nicole Bullock MD', 'username': 'epetersen', 'password': None, 'email': 'gregorylinda@example.net', 'gender': 'Female', 'fake': True}
{'id': None, 'name': 'Natalie Turner', 'username': 'marvin74', 'password': None, 'email': 'melissayates@example.net', 'gender': 'Female', 'fake': True}
{'id': None, 'name': 'Timothy Allen', 'username': 'brian07', 'password': None, 'email': 'ycruz@example.org', 'gender': 'Female', 'fake': True}
{'id': None, 'name': 'Michael Patrick', 'username': 'robert97', 'password': None, 'email': 'travisboyer@example.net', 'gender': 'Female', 'fake': True}
{'id': None, 'name': 'Kyle Anderson', 'username': 'daniel85', 'password': None, 'email': 'ewilliams@example.org', 'gender': 'Male', 'fake': True}
{'id': None, 'name': 'Antonio Haynes', 'username': 'debra94', 'password': None, 'email': 'xlogan@example.com', 'gender': 'Male', 'fake': True}
{'id': None, 'name': 'Mrs. Shannon Forbes', 'username': 'caseysean', 'password': None, 'email': 'vlloyd@example.net', 'gender': 'Male', 'fake': True}
{'id': None, 'name': 'Stephanie Williams', 'username': 'rachel89', 'password': None, 'email': 'okelly@example.org', 'gender': 'Other', 'fake': True}
{'id': None, 'name': 'Melissa Fisher', 'username': 'sonia26', 'password': None, 'email': 'jerryfrank@example.net', 'gender': 'Other', 'fake': True}
{'id': None, 'name': 'Jason Moore', 'username': 'moodyryan', 'password': None, 'email': 'glivingston@example.com', 'gender': 'Female', 'fake': True}
{'id': None, 'name': 'Angela Jones', 'username': 'heather55', 'password': None, 'email': 'crawfordmichelle@example.com', 'gender': 'Male', 'fake': True}
{'id': None, 'name': 'Steven Clark', 'username': 'donnadennis', 'password': None, 'email': 'greerjerry@example.com', 'gender': 'Male', 'fake': True}
{'id': None, 'name': 'Charles Gibson', 'username': 'qcooper', 'password': None, 'email': 'carterhannah@example.net', 'gender': 'Male', 'fake': True}
{'id': None, 'name': 'Elizabeth Johns', 'username': 'jack11', 'password': None, 'email': 'levymichael@example.com', 'gender': 'Other', 'fake': True}
{'id': None, 'name': 'David Fischer', 'username': 'nathan02', 'password': None, 'email': 'eric22@example.org', 'gender': 'Other', 'fake': True}
{'id': None, 'name': 'Juan Yang', 'username': 'brittanyevans', 'password': None, 'email': 'longjacqueline@example.org', 'gender': 'Female', 'fake': True}
{'id': None, 'name': 'Amy Ortiz', 'username': 'uhayden', 'password': None, 'email': 'wrightcynthia@example.net', 'gender': 'Female', 'fake': True}
{'id': None, 'name': 'Rebecca Hill', 'username': 'lauragriffin', 'password': None, 'email': 'nathanfarley@example.org', 'gender': 'Female', 'fake': True}
{'id': None, 'name': 'Gina Mills', 'username': 'steven17', 'password': None, 'email': 'katrinareynolds@example.org', 'gender': 'Male', 'fake': True}
{'id': None, 'name': 'Edwin Mack', 'username': 'amy26', 'password': None, 'email': 'aaron79@example.com', 'gender': 'Other', 'fake': True}
{'id': None, 'name': 'Jennifer Chen', 'username': 'martineznicole', 'password': None, 'email': 'fdavis@example.org', 'gender': 'Male', 'fake': True}
{'id': None, 'name': 'Jill Francis', 'username': 'justin39', 'password': None, 'email': 'scottalicia@example.net', 'gender': 'Male', 'fake': True}
{'id': None, 'name': 'Joseph Wright', 'username': 'carloscallahan', 'password': None, 'email': 'jonesjose@example.net', 'gender': 'Female', 'fake': True}
{'id': None, 'name': 'Tyler Stephens', 'username': 'kelly59', 'password': None, 'email': 'audreyburton@example.net', 'gender': 'Other', 'fake': True}
{'id': None, 'name': 'John Castro', 'username': 'michael76', 'password': None, 'email': 'ericterry@example.com', 'gender': 'Male', 'fake': True}
{'id': None, 'name': 'Tyler Wallace Jr.', 'username': 'nwilliams', 'password': None, 'email': 'gburns@example.com', 'gender': 'Male', 'fake': True}
{'id': None, 'name': 'Veronica Mcdaniel', 'username': 'parksjudy', 'password': None, 'email': 'kellypeter@example.org', 'gender': 'Other', 'fake': True}
{'id': None, 'name': 'Zoe Marks', 'username': 'jessica32', 'password': None, 'email': 'csmith@example.org', 'gender': 'Other', 'fake': True}
{'id': None, 'name': 'Christopher Fisher', 'username': 'thernandez', 'password': None, 'email': 'james67@example.net', 'gender': 'Male', 'fake': True}
{'id': None, 'name': 'Jasmine Roman', 'username': 'yblair', 'password': None, 'email': 'david27@example.com', 'gender': 'Male', 'fake': True}
{'id': None, 'name': 'James Young', 'username': 'pittsmichael', 'password': None, 'email': 'lbentley@example.net', 'gender': 'Other', 'fake': True}
{'id': None, 'name': 'Kayla Mitchell', 'username': 'robert08', 'password': None, 'email': 'jesseevans@example.org', 'gender': 'Other', 'fake': True}
{'id': None, 'name': 'Cindy Adams', 'username': 'williamsmichael', 'password': None, 'email': 'fcarpenter@example.com', 'gender': 'Female', 'fake': True}
{'id': None, 'name': 'Lee Grant', 'username': 'shawnmorgan', 'password': None, 'email': 'taylorkristin@example.net', 'gender': 'Male', 'fake': True}
{'id': None, 'name': 'Dawn Boyd', 'username': 'miguelclark', 'password': None, 'email': 'nortonmarcus@example.com', 'gender': 'Other', 'fake': True}
{'id': None, 'name': 'Elizabeth Black', 'username': 'wscott', 'password': None, 'email': 'jacob34@example.net', 'gender': 'Other', 'fake': True}
{'id': None, 'name': 'Jon Kim', 'username': 'dwerner', 'password': None, 'email': 'bradleyvilla@example.org', 'gender': 'Female', 'fake': True}
{'id': None, 'name': 'Thomas Alexander', 'username': 'meyersangelica', 'password': None, 'email': 'millerjohn@example.org', 'gender': 'Female', 'fake': True}
{'id': None, 'name': 'Seth Michael', 'username': 'virginia18', 'password': None, 'email': 'haleyjohn@example.org', 'gender': 'Female', 'fake': True}
{'id': None, 'name': 'Kimberly Green', 'username': 'allenmendez', 'password': None, 'email': 'jenniferwaters@example.net', 'gender': 'Other', 'fake': True}
{'id': None, 'name': 'Noah Keller', 'username': 'htrevino', 'password': None, 'email': 'thompsonrobert@example.org', 'gender': 'Female', 'fake': True}
{'id': None, 'name': 'Michele Guerrero', 'username': 'jodivalenzuela', 'password': None, 'email': 'david95@example.org', 'gender': 'Male', 'fake': True}
{'id': None, 'name': 'Mr. Chad Smith', 'username': 'michael02', 'password': None, 'email': 'emily35@example.net', 'gender': 'Female', 'fake': True}
{'id': None, 'name': 'Daniel Herman', 'username': 'shudson', 'password': None, 'email': 'theresadixon@example.org', 'gender': 'Male', 'fake': True}
{'id': None, 'name': 'Kevin Fuller', 'username': 'jensenanthony', 'password': None, 'email': 'jessicacabrera@example.com', 'gender': 'Other', 'fake': True}
{'id': None, 'name': 'Carla Koch', 'username': 'tpayne', 'password': None, 'email': 'tracy40@example.org', 'gender': 'Male', 'fake': True}
{'id': None, 'name': 'Janet Brown', 'username': 'edwardsjulie', 'password': None, 'email': 'derrick63@example.com', 'gender': 'Male', 'fake': True}
{'id': None, 'name': 'Elizabeth Kelly', 'username': 'oconnoredward', 'password': None, 'email': 'michelle34@example.com', 'gender': 'Male', 'fake': True}
{'id': None, 'name': 'Darius Valdez', 'username': 'nicholsonmichael', 'password': None, 'email': 'bburton@example.org', 'gender': 'Other', 'fake': True}
{'id': None, 'name': 'Hunter Thompson', 'username': 'jessica66', 'password': None, 'email': 'ntaylor@example.com', 'gender': 'Male', 'fake': True}
{'id': None, 'name': 'Veronica Bush', 'username': 'cunninghamdavid', 'password': None, 'email': 'imacdonald@example.net', 'gender': 'Female', 'fake': True}
{'id': None, 'name': 'Morgan Hernandez', 'username': 'john23', 'password': None, 'email': 'aarontaylor@example.net', 'gender': 'Male', 'fake': True}
{'id': None, 'name': 'Blake Pennington', 'username': 'oliverstephen', 'password': None, 'email': 'juliamassey@example.net', 'gender': 'Male', 'fake': True}
{'id': None, 'name': 'Mario Preston', 'username': 'sdavis', 'password': None, 'email': 'kinglinda@example.net', 'gender': 'Other', 'fake': True}
{'id': None, 'name': 'Jennifer Nelson', 'username': 'ablackburn', 'password': None, 'email': 'stephenromero@example.org', 'gender': 'Female', 'fake': True}
{'id': None, 'name': 'Taylor Johnson', 'username': 'zgriffith', 'password': None, 'email': 'andrea08@example.net', 'gender': 'Female', 'fake': True}
{'id': None, 'name': 'Dawn Becker DDS', 'username': 'wanda38', 'password': None, 'email': 'rwilliams@example.net', 'gender': 'Other', 'fake': True}
{'id': None, 'name': 'Erin Schmitt', 'username': 'brendacortez', 'password': None, 'email': 'paul43@example.org', 'gender': 'Other', 'fake': True}
{'id': None, 'name': 'Lauren Williams', 'username': 'stephaniecox', 'password': None, 'email': 'francisco25@example.net', 'gender': 'Other', 'fake': True}
{'id': None, 'name': 'Mrs. Brenda Williams', 'username': 'matthewsmith', 'password': None, 'email': 'marcus69@example.com', 'gender': 'Other', 'fake': True}
{'id': None, 'name': 'Nicole Lopez', 'username': 'lramirez', 'password': None, 'email': 'qbrowning@example.net', 'gender': 'Other', 'fake': True}
{'id': None, 'name': 'Jonathan Hogan', 'username': 'rfischer', 'password': None, 'email': 'bryanfowler@example.net', 'gender': 'Female', 'fake': True}
{'id': None, 'name': 'Emily Peterson', 'username': 'amoody', 'password': None, 'email': 'alexander44@example.net', 'gender': 'Other', 'fake': True}
{'id': None, 'name': 'Jorge Sullivan', 'username': 'tammy59', 'password': None, 'email': 'achang@example.org', 'gender': 'Male', 'fake': True}
{'id': None, 'name': 'Victoria Patel', 'username': 'kyleblair', 'password': None, 'email': 'juancampos@example.net', 'gender': 'Other', 'fake': True}
{'id': None, 'name': 'Martin Harris', 'username': 'hramos', 'password': None, 'email': 'thomas15@example.com', 'gender': 'Female', 'fake': True}
{'id': None, 'name': 'Ryan Page', 'username': 'salazarmaria', 'password': None, 'email': 'trujilloana@example.org', 'gender': 'Female', 'fake': True}
{'id': None, 'name': 'Keith Allen', 'username': 'lindawest', 'password': None, 'email': 'jessicapadilla@example.org', 'gender': 'Male', 'fake': True}
{'id': None, 'name': 'Michelle Kelley', 'username': 'tamaramorrison', 'password': None, 'email': 'nancy71@example.com', 'gender': 'Other', 'fake': True}
{'id': None, 'name': 'Donna Lopez', 'username': 'antoniozavala', 'password': None, 'email': 'sean96@example.com', 'gender': 'Female', 'fake': True}
{'id': None, 'name': 'Tammy Kirby', 'username': 'hmassey', 'password': None, 'email': 'rjones@example.org', 'gender': 'Female', 'fake': True}
{'id': None, 'name': 'Jennifer Hill', 'username': 'skeller', 'password': None, 'email': 'melissajacobson@example.net', 'gender': 'Female', 'fake': True}
{'id': None, 'name': 'Sarah Sanchez', 'username': 'dave35', 'password': None, 'email': 'nguyendarrell@example.net', 'gender': 'Male', 'fake': True}
{'id': None, 'name': 'Colleen Montoya', 'username': 'johnsoncynthia', 'password': None, 'email': 'ronald01@example.org', 'gender': 'Other', 'fake': True}
{'id': None, 'name': 'Alex Woodward', 'username': 'jennifermendoza', 'password': None, 'email': 'myersmitchell@example.org', 'gender': 'Other', 'fake': True}
{'id': None, 'name': 'Sara Jones', 'username': 'lucasmichael', 'password': None, 'email': 'gilesandrew@example.com', 'gender': 'Male', 'fake': True}
{'id': None, 'name': 'Jeanne Green', 'username': 'kmassey', 'password': None, 'email': 'gordonbenjamin@example.org', 'gender': 'Male', 'fake': True}
{'id': None, 'name': 'Christopher Moreno', 'username': 'carlsonscott', 'password': None, 'email': 'tammybrown@example.net', 'gender': 'Male', 'fake': True}
{'id': None, 'name': 'Sylvia Banks', 'username': 'qmonroe', 'password': None, 'email': 'ruizrobert@example.net', 'gender': 'Male', 'fake': True}
{'id': None, 'name': 'Douglas Allen', 'username': 'sbell', 'password': None, 'email': 'ellischristian@example.net', 'gender': 'Other', 'fake': True}
{'id': None, 'name': 'Paul Poole', 'username': 'smithjames', 'password': None, 'email': 'brittany92@example.net', 'gender': 'Female', 'fake': True}
{'id': None, 'name': 'Megan Baxter', 'username': 'moralesjacqueline', 'password': None, 'email': 'johnwalsh@example.com', 'gender': 'Female', 'fake': True}
{'id': None, 'name': 'Joseph Freeman', 'username': 'hensontroy', 'password': None, 'email': 'martincaleb@example.net', 'gender': 'Female', 'fake': True}
{'id': None, 'name': 'Zachary Schultz', 'username': 'monroedavid', 'password': None, 'email': 'zwilliams@example.com', 'gender': 'Male', 'fake': True}
{'id': None, 'name': 'Adrian Fischer', 'username': 'leecharlene', 'password': None, 'email': 'aherring@example.com', 'gender': 'Male', 'fake': True}
{'id': None, 'name': 'Jennifer Miller', 'username': 'robin14', 'password': None, 'email': 'joshua21@example.com', 'gender': 'Male', 'fake': True}
{'id': None, 'name': 'Daniel Green', 'username': 'stacey90', 'password': None, 'email': 'darin24@example.org', 'gender': 'Other', 'fake': True}
{'id': None, 'name': 'Seth Thompson', 'username': 'amatthews', 'password': None, 'email': 'djoseph@example.net', 'gender': 'Male', 'fake': True}
{'id': None, 'name': 'Gina Oliver', 'username': 'nelsonedward', 'password': None, 'email': 'josephmorgan@example.com', 'gender': 'Other', 'fake': True}
{'id': None, 'name': 'Nicholas Peck', 'username': 'hayden81', 'password': None, 'email': 'michael82@example.com', 'gender': 'Female', 'fake': True}
{'id': None, 'name': 'Justin Olson', 'username': 'mary51', 'password': None, 'email': 'thouston@example.com', 'gender': 'Female', 'fake': True}
{'id': None, 'name': 'Michael Moore', 'username': 'courtneybennett', 'password': None, 'email': 'lyonsronald@example.com', 'gender': 'Other', 'fake': True}
{'id': None, 'name': 'James Garcia', 'username': 'shane79', 'password': None, 'email': 'joneschristopher@example.net', 'gender': 'Other', 'fake': True}
{'id': None, 'name': 'Carol Lee', 'username': 'brownmichelle', 'password': None, 'email': 'rodneyrichardson@example.com', 'gender': 'Other', 'fake': True}
{'id': None, 'name': 'Jonathan Scott', 'username': 'shealaura', 'password': None, 'email': 'leachshannon@example.net', 'gender': 'Other', 'fake': True}
{'id': None, 'name': 'Brittany Hinton', 'username': 'zhernandez', 'password': None, 'email': 'danielellis@example.com', 'gender': 'Other', 'fake': True}
{'id': None, 'name': 'Erica Jimenez', 'username': 'mreid', 'password': None, 'email': 'frich@example.net', 'gender': 'Other', 'fake': True}
{'id': None, 'name': 'Sabrina Johnson', 'username': 'nancymorrison', 'password': None, 'email': 'alecthornton@example.net', 'gender': 'Male', 'fake': True}
{'id': None, 'name': 'Andrea Miller', 'username': 'jonesdavid', 'password': None, 'email': 'taguilar@example.net', 'gender': 'Female', 'fake': True}
{'id': None, 'name': 'Sheila Murray', 'username': 'william88', 'password': None, 'email': 'blakeshane@example.org', 'gender': 'Male', 'fake': True}
{'id': None, 'name': 'Nicole Bullock MD', 'username': 'epetersen', 'password': None, 'email': 'gregorylinda@example.net', 'gender': 'Female', 'fake': True}
{'id': None, 'name': 'Natalie Turner', 'username': 'marvin74', 'password': None, 'email': 'melissayates@example.net', 'gender': 'Female', 'fake': True}
{'id': None, 'name': 'Timothy Allen', 'username': 'brian07', 'password': None, 'email': 'ycruz@example.org', 'gender': 'Female', 'fake': True}
{'id': None, 'name': 'Michael Patrick', 'username': 'robert97', 'password': None, 'email': 'travisboyer@example.net', 'gender': 'Female', 'fake': True}
{'id': None, 'name': 'Kyle Anderson', 'username': 'daniel85', 'password': None, 'email': 'ewilliams@example.org', 'gender': 'Male', 'fake': True}
{'id': None, 'name': 'Antonio Haynes', 'username': 'debra94', 'password': None, 'email': 'xlogan@example.com', 'gender': 'Male', 'fake': True}
{'id': None, 'name': 'Mrs. Shannon Forbes', 'username': 'caseysean', 'password': None, 'email': 'vlloyd@example.net', 'gender': 'Male', 'fake': True}
{'id': None, 'name': 'Stephanie Williams', 'username': 'rachel89', 'password': None, 'email': 'okelly@example.org', 'gender': 'Other', 'fake': True}
{'id': None, 'name': 'Melissa Fisher', 'username': 'sonia26', 'password': None, 'email': 'jerryfrank@example.net', 'gender': 'Other', 'fake': True}
{'id': None, 'name': 'Jason Moore', 'username': 'moodyryan', 'password': None, 'email': 'glivingston@example.com', 'gender': 'Female', 'fake': True}
{'id': None, 'name': 'Angela Jones', 'username': 'heather55', 'password': None, 'email': 'crawfordmichelle@example.com', 'gender': 'Male', 'fake': True}
{'id': None, 'name': 'Steven Clark', 'username': 'donnadennis', 'password': None, 'email': 'greerjerry@example.com', 'gender': 'Male', 'fake': True}
{'id': None, 'name': 'Charles Gibson', 'username': 'qcooper', 'password': None, 'email': 'carterhannah@example.net', 'gender': 'Male', 'fake': True}
{'id': None, 'name': 'Elizabeth Johns', 'username': 'jack11', 'password': None, 'email': 'levymichael@example.com', 'gender': 'Other', 'fake': True}
{'id': None, 'name': 'David Fischer', 'username': 'nathan02', 'password': None, 'email': 'eric22@example.org', 'gender': 'Other', 'fake': True}
{'id': None, 'name': 'Juan Yang', 'username': 'brittanyevans', 'password': None, 'email': 'longjacqueline@example.org', 'gender': 'Female', 'fake': True}
{'id': None, 'name': 'Amy Ortiz', 'username': 'uhayden', 'password': None, 'email': 'wrightcynthia@example.net', 'gender': 'Female', 'fake': True}
{'id': None, 'name': 'Rebecca Hill', 'username': 'lauragriffin', 'password': None, 'email': 'nathanfarley@example.org', 'gender': 'Female', 'fake': True}
{'id': None, 'name': 'Gina Mills', 'username': 'steven17', 'password': None, 'email': 'katrinareynolds@example.org', 'gender': 'Male', 'fake': True}
{'id': None, 'name': 'Edwin Mack', 'username': 'amy26', 'password': None, 'email': 'aaron79@example.com', 'gender': 'Other', 'fake': True}
{'id': None, 'name': 'Jennifer Chen', 'username': 'martineznicole', 'password': None, 'email': 'fdavis@example.org', 'gender': 'Male', 'fake': True}
{'id': None, 'name': 'Jill Francis', 'username': 'justin39', 'password': None, 'email': 'scottalicia@example.net', 'gender': 'Male', 'fake': True}
{'id': None, 'name': 'Joseph Wright', 'username': 'carloscallahan', 'password': None, 'email': 'jonesjose@example.net', 'gender': 'Female', 'fake': True}
{'id': None, 'name': 'Tyler Stephens', 'username': 'kelly59', 'password': None, 'email': 'audreyburton@example.net', 'gender': 'Other', 'fake': True}
{'id': None, 'name': 'John Castro', 'username': 'michael76', 'password': None, 'email': 'ericterry@example.com', 'gender': 'Male', 'fake': True}
{'id': None, 'name': 'Tyler Wallace Jr.', 'username': 'nwilliams', 'password': None, 'email': 'gburns@example.com', 'gender': 'Male', 'fake': True}
{'id': None, 'name': 'Veronica Mcdaniel', 'username': 'parksjudy', 'password': None, 'email': 'kellypeter@example.org', 'gender': 'Other', 'fake': True}
{'id': None, 'name': 'Zoe Marks', 'username': 'jessica32', 'password': None, 'email': 'csmith@example.org', 'gender': 'Other', 'fake': True}
{'id': None, 'name': 'Christopher Fisher', 'username': 'thernandez', 'password': None, 'email': 'james67@example.net', 'gender': 'Male', 'fake': True}
{'id': None, 'name': 'Jasmine Roman', 'username': 'yblair', 'password': None, 'email': 'david27@example.com', 'gender': 'Male', 'fake': True}
{'id': None, 'name': 'James Young', 'username': 'pittsmichael', 'password': None, 'email': 'lbentley@example.net', 'gender': 'Other', 'fake': True}
{'id': None, 'name': 'Kayla Mitchell', 'username': 'robert08', 'password': None, 'email': 'jesseevans@example.org', 'gender': 'Other', 'fake': True}
{'id': None, 'name': 'Cindy Adams', 'username': 'williamsmichael', 'password': None, 'email': 'fcarpenter@example.com', 'gender': 'Female', 'fake': True}
{'id': None, 'name': 'Lee Grant', 'username': 'shawnmorgan', 'password': None, 'email': 'taylorkristin@example.net', 'gender': 'Male', 'fake': True}
{'id': None, 'name': 'Dawn Boyd', 'username': 'miguelclark', 'password': None, 'email': 'nortonmarcus@example.com', 'gender': 'Other', 'fake': True}
{'id': None, 'name': 'Elizabeth Black', 'username': 'wscott', 'password': None, 'email': 'jacob34@example.net', 'gender': 'Other', 'fake': True}
{'id': None, 'name': 'Jon Kim', 'username': 'dwerner', 'password': None, 'email': 'bradleyvilla@example.org', 'gender': 'Female', 'fake': True}
{'id': None, 'name': 'Thomas Alexander', 'username': 'meyersangelica', 'password': None, 'email': 'millerjohn@example.org', 'gender': 'Female', 'fake': True}
{'id': None, 'name': 'Seth Michael', 'username': 'virginia18', 'password': None, 'email': 'haleyjohn@example.org', 'gender': 'Female', 'fake': True}
{'id': None, 'name': 'Kimberly Green', 'username': 'allenmendez', 'password': None, 'email': 'jenniferwaters@example.net', 'gender': 'Other', 'fake': True}
{'id': None, 'name': 'Noah Keller', 'username': 'htrevino', 'password': None, 'email': 'thompsonrobert@example.org', 'gender': 'Female', 'fake': True}
{'id': None, 'name': 'Michele Guerrero', 'username': 'jodivalenzuela', 'password': None, 'email': 'david95@example.org', 'gender': 'Male', 'fake': True}
{'id': None, 'name': 'Mr. Chad Smith', 'username': 'michael02', 'password': None, 'email': 'emily35@example.net', 'gender': 'Female', 'fake': True}
{'id': None, 'name': 'Daniel Herman', 'username': 'shudson', 'password': None, 'email': 'theresadixon@example.org', 'gender': 'Male', 'fake': True}
{'id': None, 'name': 'Kevin Fuller', 'username': 'jensenanthony', 'password': None, 'email': 'jessicacabrera@example.com', 'gender': 'Other', 'fake': True}
{'id': None, 'name': 'Carla Koch', 'username': 'tpayne', 'password': None, 'email': 'tracy40@example.org', 'gender': 'Male', 'fake': True}
{'id': None, 'name': 'Janet Brown', 'username': 'edwardsjulie', 'password': None, 'email': 'derrick63@example.com', 'gender': 'Male', 'fake': True}
{'id': None, 'name': 'Elizabeth Kelly', 'username': 'oconnoredward', 'password': None, 'email': 'michelle34@example.com', 'gender': 'Male', 'fake': True}
{'id': None, 'name': 'Darius Valdez', 'username': 'nicholsonmichael', 'password': None, 'email': 'bburton@example.org', 'gender': 'Other', 'fake': True}
{'id': None, 'name': 'Hunter Thompson', 'username': 'jessica66', 'password': None, 'email': 'ntaylor@example.com', 'gender': 'Male', 'fake': True}
{'id': None, 'name': 'Veronica Bush', 'username': 'cunninghamdavid', 'password': None, 'email': 'imacdonald@example.net', 'gender': 'Female', 'fake': True}
{'id': None, 'name': 'Morgan Hernandez', 'username': 'john23', 'password': None, 'email': 'aarontaylor@example.net', 'gender': 'Male', 'fake': True}
{'id': None, 'name': 'Blake Pennington', 'username': 'oliverstephen', 'password': None, 'email': 'juliamassey@example.net', 'gender': 'Male', 'fake': True}
{'id': None, 'name': 'Mario Preston', 'username': 'sdavis', 'password': None, 'email': 'kinglinda@example.net', 'gender': 'Other', 'fake': True}
{'id': None, 'name': 'Jennifer Nelson', 'username': 'ablackburn', 'password': None, 'email': 'stephenromero@example.org', 'gender': 'Female', 'fake': True}
{'id': None, 'name': 'Taylor Johnson', 'username': 'zgriffith', 'password': None, 'email': 'andrea08@example.net', 'gender': 'Female', 'fake': True}
{'id': None, 'name': 'Dawn Becker DDS', 'username': 'wanda38', 'password': None, 'email': 'rwilliams@example.net', 'gender': 'Other', 'fake': True}
{'id': None, 'name': 'Erin Schmitt', 'username': 'brendacortez', 'password': None, 'email': 'paul43@example.org', 'gender': 'Other', 'fake': True}
{'id': None, 'name': 'Lauren Williams', 'username': 'stephaniecox', 'password': None, 'email': 'francisco25@example.net', 'gender': 'Other', 'fake': True}
{'id': None, 'name': 'Mrs. Brenda Williams', 'username': 'matthewsmith', 'password': None, 'email': 'marcus69@example.com', 'gender': 'Other', 'fake': True}
{'id': None, 'name': 'Nicole Lopez', 'username': 'lramirez', 'password': None, 'email': 'qbrowning@example.net', 'gender': 'Other', 'fake': True}
{'id': None, 'name': 'Jonathan Hogan', 'username': 'rfischer', 'password': None, 'email': 'bryanfowler@example.net', 'gender': 'Female', 'fake': True}
{'id': None, 'name': 'Emily Peterson', 'username': 'amoody', 'password': None, 'email': 'alexander44@example.net', 'gender': 'Other', 'fake': True}
{'id': None, 'name': 'Jorge Sullivan', 'username': 'tammy59', 'password': None, 'email': 'achang@example.org', 'gender': 'Male', 'fake': True}
{'id': None, 'name': 'Victoria Patel', 'username': 'kyleblair', 'password': None, 'email': 'juancampos@example.net', 'gender': 'Other', 'fake': True}
{'id': None, 'name': 'Martin Harris', 'username': 'hramos', 'password': None, 'email': 'thomas15@example.com', 'gender': 'Female', 'fake': True}
{'id': None, 'name': 'Ryan Page', 'username': 'salazarmaria', 'password': None, 'email': 'trujilloana@example.org', 'gender': 'Female', 'fake': True}
{'id': None, 'name': 'Keith Allen', 'username': 'lindawest', 'password': None, 'email': 'jessicapadilla@example.org', 'gender': 'Male', 'fake': True}
{'id': None, 'name': 'Michelle Kelley', 'username': 'tamaramorrison', 'password': None, 'email': 'nancy71@example.com', 'gender': 'Other', 'fake': True}
{'id': None, 'name': 'Donna Lopez', 'username': 'antoniozavala', 'password': None, 'email': 'sean96@example.com', 'gender': 'Female', 'fake': True}
{'id': None, 'name': 'Tammy Kirby', 'username': 'hmassey', 'password': None, 'email': 'rjones@example.org', 'gender': 'Female', 'fake': True}
{'id': None, 'name': 'Jennifer Hill', 'username': 'skeller', 'password': None, 'email': 'melissajacobson@example.net', 'gender': 'Female', 'fake': True}
{'id': None, 'name': 'Sarah Sanchez', 'username': 'dave35', 'password': None, 'email': 'nguyendarrell@example.net', 'gender': 'Male', 'fake': True}
{'id': None, 'name': 'Colleen Montoya', 'username': 'johnsoncynthia', 'password': None, 'email': 'ronald01@example.org', 'gender': 'Other', 'fake': True}
{'id': None, 'name': 'Alex Woodward', 'username': 'jennifermendoza', 'password': None, 'email': 'myersmitchell@example.org', 'gender': 'Other', 'fake': True}
{'id': None, 'name': 'Sara Jones', 'username': 'lucasmichael', 'password': None, 'email': 'gilesandrew@example.com', 'gender': 'Male', 'fake': True}
{'id': None, 'name': 'Jeanne Green', 'username': 'kmassey', 'password': None, 'email': 'gordonbenjamin@example.org', 'gender': 'Male', 'fake': True}
{'id': None, 'name': 'Christopher Moreno', 'username': 'carlsonscott', 'password': None, 'email': 'tammybrown@example.net', 'gender': 'Male', 'fake': True}
{'id': None, 'name': 'Sylvia Banks', 'username': 'qmonroe', 'password': None, 'email': 'ruizrobert@example.net', 'gender': 'Male', 'fake': True}
{'id': None, 'name': 'Douglas Allen', 'username': 'sbell', 'password': None, 'email': 'ellischristian@example.net', 'gender': 'Other', 'fake': True}
{'id': None, 'name': 'Paul Poole', 'username': 'smithjames', 'password': None, 'email': 'brittany92@example.net', 'gender': 'Female', 'fake': True}
{'id': None, 'name': 'Megan Baxter', 'username': 'moralesjacqueline', 'password': None, 'email': 'johnwalsh@example.com', 'gender': 'Female', 'fake': True}
{'id': None, 'name': 'Joseph Freeman', 'username': 'hensontroy', 'password': None, 'email': 'martincaleb@example.net', 'gender': 'Female', 'fake': True}
{'id': None, 'name': 'Zachary Schultz', 'username': 'monroedavid', 'password': None, 'email': 'zwilliams@example.com', 'gender': 'Male', 'fake': True}
{'id': None, 'name': 'Adrian Fischer', 'username': 'leecharlene', 'password': None, 'email': 'aherring@example.com', 'gender': 'Male', 'fake': True}
{'id': None, 'name': 'Jennifer Miller', 'username': 'robin14', 'password': None, 'email': 'joshua21@example.com', 'gender': 'Male', 'fake': True}
{'id': None, 'name': 'Daniel Green', 'username': 'stacey90', 'password': None, 'email': 'darin24@example.org', 'gender': 'Other', 'fake': True}
{'id': None, 'name': 'Seth Thompson', 'username': 'amatthews', 'password': None, 'email': 'djoseph@example.net', 'gender': 'Male', 'fake': True}
{'id': None, 'name': 'Gina Oliver', 'username': 'nelsonedward', 'password': None, 'email': 'josephmorgan@example.com', 'gender': 'Other', 'fake': True}
{'id': None, 'name': 'Nicholas Peck', 'username': 'hayden81', 'password': None, 'email': 'michael82@example.com', 'gender': 'Female', 'fake': True}
{'id': None, 'name': 'Justin Olson', 'username': 'mary51', 'password': None, 'email': 'thouston@example.com', 'gender': 'Female', 'fake': True}
{'id': None, 'name': 'Michael Moore', 'username': 'courtneybennett', 'password': None, 'email': 'lyonsronald@example.com', 'gender': 'Other', 'fake': True}
{'id': None, 'name': 'James Garcia', 'username': 'shane79', 'password': None, 'email': 'joneschristopher@example.net', 'gender': 'Other', 'fake': True}
{'id': None, 'name': 'Carol Lee', 'username': 'brownmichelle', 'password': None, 'email': 'rodneyrichardson@example.com', 'gender': 'Other', 'fake': True}
{'id': None, 'name': 'Jonathan Scott', 'username': 'shealaura', 'password': None, 'email': 'leachshannon@example.net', 'gender': 'Other', 'fake': True}
{'id': None, 'name': 'Brittany Hinton', 'username': 'zhernandez', 'password': None, 'email': 'danielellis@example.com', 'gender': 'Other', 'fake': True}
{'id': None, 'name': 'Erica Jimenez', 'username': 'mreid', 'password': None, 'email': 'frich@example.net', 'gender': 'Other', 'fake': True}
{'id': None, 'name': 'Sabrina Johnson', 'username': 'nancymorrison', 'password': None, 'email': 'alecthornton@example.net', 'gender': 'Male', 'fake': True}
{'id': None, 'name': 'Andrea Miller', 'username': 'jonesdavid', 'password': None, 'email': 'taguilar@example.net', 'gender': 'Female', 'fake': True}
{'id': None, 'name': 'Sheila Murray', 'username': 'william88', 'password': None, 'email': 'blakeshane@example.org', 'gender': 'Male', 'fake': True}
{'id': None, 'name': 'Nicole Bullock MD', 'username': 'epetersen', 'password': None, 'email': 'gregorylinda@example.net', 'gender': 'Female', 'fake': True}
{'id': None, 'name': 'Natalie Turner', 'username': 'marvin74', 'password': None, 'email': 'melissayates@example.net', 'gender': 'Female', 'fake': True}
{'id': None, 'name': 'Timothy Allen', 'username': 'brian07', 'password': None, 'email': 'ycruz@example.org', 'gender': 'Female', 'fake': True}
{'id': None, 'name': 'Michael Patrick', 'username': 'robert97', 'password': None, 'email': 'travisboyer@example.net', 'gender': 'Female', 'fake': True}
{'id': None, 'name': 'Kyle Anderson', 'username': 'daniel85', 'password': None, 'email': 'ewilliams@example.org', 'gender': 'Male', 'fake': True}
{'id': None, 'name': 'Antonio Haynes', 'username': 'debra94', 'password': None, 'email': 'xlogan@example.com', 'gender': 'Male', 'fake': True}
{'id': None, 'name': 'Mrs. Shannon Forbes', 'username': 'caseysean', 'password': None, 'email': 'vlloyd@example.net', 'gender': 'Male', 'fake': True}
{'id': None, 'name': 'Stephanie Williams', 'username': 'rachel89', 'password': None, 'email': 'okelly@example.org', 'gender': 'Other', 'fake': True}
{'id': None, 'name': 'Melissa Fisher', 'username': 'sonia26', 'password': None, 'email': 'jerryfrank@example.net', 'gender': 'Other', 'fake': True}
{'id': None, 'name': 'Jason Moore', 'username': 'moodyryan', 'password': None, 'email': 'glivingston@example.com', 'gender': 'Female', 'fake': True}
{'id': None, 'name': 'Angela Jones', 'username': 'heather55', 'password': None, 'email': 'crawfordmichelle@example.com', 'gender': 'Male', 'fake': True}
{'id': None, 'name': 'Steven Clark', 'username': 'donnadennis', 'password': None, 'email': 'greerjerry@example.com', 'gender': 'Male', 'fake': True}
{'id': None, 'name': 'Charles Gibson', 'username': 'qcooper', 'password': None, 'email': 'carterhannah@example.net', 'gender': 'Male', 'fake': True}
{'id': None, 'name': 'Elizabeth Johns', 'username': 'jack11', 'password': None, 'email': 'levymichael@example.com', 'gender': 'Other', 'fake': True}
{'id': None, 'name': 'David Fischer', 'username': 'nathan02', 'password': None, 'email': 'eric22@example.org', 'gender': 'Other', 'fake': True}
{'id': None, 'name': 'Juan Yang', 'username': 'brittanyevans', 'password': None, 'email': 'longjacqueline@example.org', 'gender': 'Female', 'fake': True}
{'id': None, 'name': 'Amy Ortiz', 'username': 'uhayden', 'password': None, 'email': 'wrightcynthia@example.net', 'gender': 'Female', 'fake': True}
{'id': None, 'name': 'Rebecca Hill', 'username': 'lauragriffin', 'password': None, 'email': 'nathanfarley@example.org', 'gender': 'Female', 'fake': True}
{'id': None, 'name': 'Gina Mills', 'username': 'steven17', 'password': None, 'email': 'katrinareynolds@example.org', 'gender': 'Male', 'fake': True}
{'id': None, 'name': 'Edwin Mack', 'username': 'amy26', 'password': None, 'email': 'aaron79@example.com', 'gender': 'Other', 'fake': True}
{'id': None, 'name': 'Jennifer Chen', 'username': 'martineznicole', 'password': None, 'email': 'fdavis@example.org', 'gender': 'Male', 'fake': True}
{'id': None, 'name': 'Jill Francis', 'username': 'justin39', 'password': None, 'email': 'scottalicia@example.net', 'gender': 'Male', 'fake': True}
{'id': None, 'name': 'Joseph Wright', 'username': 'carloscallahan', 'password': None, 'email': 'jonesjose@example.net', 'gender': 'Female', 'fake': True}
{'id': None, 'name': 'Tyler Stephens', 'username': 'kelly59', 'password': None, 'email': 'audreyburton@example.net', 'gender': 'Other', 'fake': True}
{'id': None, 'name': 'John Castro', 'username': 'michael76', 'password': None, 'email': 'ericterry@example.com', 'gender': 'Male', 'fake': True}
{'id': None, 'name': 'Tyler Wallace Jr.', 'username': 'nwilliams', 'password': None, 'email': 'gburns@example.com', 'gender': 'Male', 'fake': True}
{'id': None, 'name': 'Veronica Mcdaniel', 'username': 'parksjudy', 'password': None, 'email': 'kellypeter@example.org', 'gender': 'Other', 'fake': True}
{'id': None, 'name': 'Zoe Marks', 'username': 'jessica32', 'password': None, 'email': 'csmith@example.org', 'gender': 'Other', 'fake': True}
{'id': None, 'name': 'Christopher Fisher', 'username': 'thernandez', 'password': None, 'email': 'james67@example.net', 'gender': 'Male', 'fake': True}
{'id': None, 'name': 'Jasmine Roman', 'username': 'yblair', 'password': None, 'email': 'david27@example.com', 'gender': 'Male', 'fake': True}
{'id': None, 'name': 'James Young', 'username': 'pittsmichael', 'password': None, 'email': 'lbentley@example.net', 'gender': 'Other', 'fake': True}
{'id': None, 'name': 'Kayla Mitchell', 'username': 'robert08', 'password': None, 'email': 'jesseevans@example.org', 'gender': 'Other', 'fake': True}
{'id': None, 'name': 'Cindy Adams', 'username': 'williamsmichael', 'password': None, 'email': 'fcarpenter@example.com', 'gender': 'Female', 'fake': True}
{'id': None, 'name': 'Lee Grant', 'username': 'shawnmorgan', 'password': None, 'email': 'taylorkristin@example.net', 'gender': 'Male', 'fake': True}
{'id': None, 'name': 'Dawn Boyd', 'username': 'miguelclark', 'password': None, 'email': 'nortonmarcus@example.com', 'gender': 'Other', 'fake': True}
{'id': None, 'name': 'Elizabeth Black', 'username': 'wscott', 'password': None, 'email': 'jacob34@example.net', 'gender': 'Other', 'fake': True}
{'id': None, 'name': 'Jon Kim', 'username': 'dwerner', 'password': None, 'email': 'bradleyvilla@example.org', 'gender': 'Female', 'fake': True}
{'id': None, 'name': 'Thomas Alexander', 'username': 'meyersangelica', 'password': None, 'email': 'millerjohn@example.org', 'gender': 'Female', 'fake': True}
{'id': None, 'name': 'Seth Michael', 'username': 'virginia18', 'password': None, 'email': 'haleyjohn@example.org', 'gender': 'Female', 'fake': True}
{'id': None, 'name': 'Kimberly Green', 'username': 'allenmendez', 'password': None, 'email': 'jenniferwaters@example.net', 'gender': 'Other', 'fake': True}
{'id': None, 'name': 'Noah Keller', 'username': 'htrevino', 'password': None, 'email': 'thompsonrobert@example.org', 'gender': 'Female', 'fake': True}
{'id': None, 'name': 'Michele Guerrero', 'username': 'jodivalenzuela', 'password': None, 'email': 'david95@example.org', 'gender': 'Male', 'fake': True}
{'id': None, 'name': 'Mr. Chad Smith', 'username': 'michael02', 'password': None, 'email': 'emily35@example.net', 'gender': 'Female', 'fake': True}
{'id': None, 'name': 'Daniel Herman', 'username': 'shudson', 'password': None, 'email': 'theresadixon@example.org', 'gender': 'Male', 'fake': True}
{'id': None, 'name': 'Kevin Fuller', 'username': 'jensenanthony', 'password': None, 'email': 'jessicacabrera@example.com', 'gender': 'Other', 'fake': True}
{'id': None, 'name': 'Carla Koch', 'username': 'tpayne', 'password': None, 'email': 'tracy40@example.org', 'gender': 'Male', 'fake': True}
{'id': None, 'name': 'Janet Brown', 'username': 'edwardsjulie', 'password': None, 'email': 'derrick63@example.com', 'gender': 'Male', 'fake': True}
{'id': None, 'name': 'Elizabeth Kelly', 'username': 'oconnoredward', 'password': None, 'email': 'michelle34@example.com', 'gender': 'Male', 'fake': True}
{'id': None, 'name': 'Darius Valdez', 'username': 'nicholsonmichael', 'password': None, 'email': 'bburton@example.org', 'gender': 'Other', 'fake': True}
{'id': None, 'name': 'Hunter Thompson', 'username': 'jessica66', 'password': None, 'email': 'ntaylor@example.com', 'gender': 'Male', 'fake': True}
{'id': None, 'name': 'Veronica Bush', 'username': 'cunninghamdavid', 'password': None, 'email': 'imacdonald@example.net', 'gender': 'Female', 'fake': True}
{'id': None, 'name': 'Morgan Hernandez', 'username': 'john23', 'password': None, 'email': 'aarontaylor@example.net', 'gender': 'Male', 'fake': True}
{'id': None, 'name': 'Blake Pennington', 'username': 'oliverstephen', 'password': None, 'email': 'juliamassey@example.net', 'gender': 'Male', 'fake': True}
{'id': None, 'name': 'Mario Preston', 'username': 'sdavis', 'password': None, 'email': 'kinglinda@example.net', 'gender': 'Other', 'fake': True}
{'id': None, 'name': 'Jennifer Nelson', 'username': 'ablackburn', 'password': None, 'email': 'stephenromero@example.org', 'gender': 'Female', 'fake': True}
{'id': None, 'name': 'Taylor Johnson', 'username': 'zgriffith', 'password': None, 'email': 'andrea08@example.net', 'gender': 'Female', 'fake': True}
{'id': None, 'name': 'Dawn Becker DDS', 'username': 'wanda38', 'password': None, 'email': 'rwilliams@example.net', 'gender': 'Other', 'fake': True}
{'id': None, 'name': 'Erin Schmitt', 'username': 'brendacortez', 'password': None, 'email': 'paul43@example.org', 'gender': 'Other', 'fake': True}
{'id': None, 'name': 'Lauren Williams', 'username': 'stephaniecox', 'password': None, 'email': 'francisco25@example.net', 'gender': 'Other', 'fake': True}
{'id': None, 'name': 'Mrs. Brenda Williams', 'username': 'matthewsmith', 'password': None, 'email': 'marcus69@example.com', 'gender': 'Other', 'fake': True}
{'id': None, 'name': 'Nicole Lopez', 'username': 'lramirez', 'password': None, 'email': 'qbrowning@example.net', 'gender': 'Other', 'fake': True}
{'id': None, 'name': 'Jonathan Hogan', 'username': 'rfischer', 'password': None, 'email': 'bryanfowler@example.net', 'gender': 'Female', 'fake': True}
{'id': None, 'name': 'Emily Peterson', 'username': 'amoody', 'password': None, 'email': 'alexander44@example.net', 'gender': 'Other', 'fake': True}
{'id': None, 'name': 'Jorge Sullivan', 'username': 'tammy59', 'password': None, 'email': 'achang@example.org', 'gender': 'Male', 'fake': True}
{'id': None, 'name': 'Victoria Patel', 'username': 'kyleblair', 'password': None, 'email': 'juancampos@example.net', 'gender': 'Other', 'fake': True}
{'id': None, 'name': 'Martin Harris', 'username': 'hramos', 'password': None, 'email': 'thomas15@example.com', 'gender': 'Female', 'fake': True}
{'id': None, 'name': 'Ryan Page', 'username': 'salazarmaria', 'password': None, 'email': 'trujilloana@example.org', 'gender': 'Female', 'fake': True}
{'id': None, 'name': 'Keith Allen', 'username': 'lindawest', 'password': None, 'email': 'jessicapadilla@example.org', 'gender': 'Male', 'fake': True}
{'id': None, 'name': 'Michelle Kelley', 'username': 'tamaramorrison', 'password': None, 'email': 'nancy71@example.com', 'gender': 'Other', 'fake': True}
{'id': None, 'name': 'Donna Lopez', 'username': 'antoniozavala', 'password': None, 'email': 'sean96@example.com', 'gender': 'Female', 'fake': True}
{'id': None, 'name': 'Tammy Kirby', 'username': 'hmassey', 'password': None, 'email': 'rjones@example.org', 'gender': 'Female', 'fake': True}
{'id': None, 'name': 'Jennifer Hill', 'username': 'skeller', 'password': None, 'email': 'melissajacobson@example.net', 'gender': 'Female', 'fake': True}
{'id': None, 'name': 'Sarah Sanchez', 'username': 'dave35', 'password': None, 'email': 'nguyendarrell@example.net', 'gender': 'Male', 'fake': True}
{'id': None, 'name': 'Colleen Montoya', 'username': 'johnsoncynthia', 'password': None, 'email': 'ronald01@example.org', 'gender': 'Other', 'fake': True}
{'id': None, 'name': 'Alex Woodward', 'username': 'jennifermendoza', 'password': None, 'email': 'myersmitchell@example.org', 'gender': 'Other', 'fake': True}
{'id': None, 'name': 'Sara Jones', 'username': 'lucasmichael', 'password': None, 'email': 'gilesandrew@example.com', 'gender': 'Male', 'fake': True}
{'id': None, 'name': 'Jeanne Green', 'username': 'kmassey', 'password': None, 'email': 'gordonbenjamin@example.org', 'gender': 'Male', 'fake': True}
{'id': None, 'name': 'Christopher Moreno', 'username': 'carlsonscott', 'password': None, 'email': 'tammybrown@example.net', 'gender': 'Male', 'fake': True}
{'id': None, 'name': 'Sylvia Banks', 'username': 'qmonroe', 'password': None, 'email': 'ruizrobert@example.net', 'gender': 'Male', 'fake': True}
{'id': None, 'name': 'Douglas Allen', 'username': 'sbell', 'password': None, 'email': 'ellischristian@example.net', 'gender': 'Other', 'fake': True}
{'id': None, 'name': 'Paul Poole', 'username': 'smithjames', 'password': None, 'email': 'brittany92@example.net', 'gender': 'Female', 'fake': True}
{'id': None, 'name': 'Megan Baxter', 'username': 'moralesjacqueline', 'password': None, 'email': 'johnwalsh@example.com', 'gender': 'Female', 'fake': True}
{'id': None, 'name': 'Joseph Freeman', 'username': 'hensontroy', 'password': None, 'email': 'martincaleb@example.net', 'gender': 'Female', 'fake': True}
{'id': None, 'name': 'Zachary Schultz', 'username': 'monroedavid', 'password': None, 'email': 'zwilliams@example.com', 'gender': 'Male', 'fake': True}
{'id': None, 'name': 'Adrian Fischer', 'username': 'leecharlene', 'password': None, 'email': 'aherring@example.com', 'gender': 'Male', 'fake': True}
{'id': None, 'name': 'Jennifer Miller', 'username': 'robin14', 'password': None, 'email': 'joshua21@example.com', 'gender': 'Male', 'fake': True}
{'id': None, 'name': 'Daniel Green', 'username': 'stacey90', 'password': None, 'email': 'darin24@example.org', 'gender': 'Other', 'fake': True}
{'id': None, 'name': 'Seth Thompson', 'username': 'amatthews', 'password': None, 'email': 'djoseph@example.net', 'gender': 'Male', 'fake': True}
{'id': None, 'name': 'Gina Oliver', 'username': 'nelsonedward', 'password': None, 'email': 'josephmorgan@example.com', 'gender': 'Other', 'fake': True}
{'id': None, 'name': 'Nicholas Peck', 'username': 'hayden81', 'password': None, 'email': 'michael82@example.com', 'gender': 'Female', 'fake': True}
{'id': None, 'name': 'Justin Olson', 'username': 'mary51', 'password': None, 'email': 'thouston@example.com', 'gender': 'Female', 'fake': True}
{'id': None, 'name': 'Michael Moore', 'username': 'courtneybennett', 'password': None, 'email': 'lyonsronald@example.com', 'gender': 'Other', 'fake': True}
{'id': None, 'name': 'James Garcia', 'username': 'shane79', 'password': None, 'email': 'joneschristopher@example.net', 'gender': 'Other', 'fake': True}
{'id': None, 'name': 'Carol Lee', 'username': 'brownmichelle', 'password': None, 'email': 'rodneyrichardson@example.com', 'gender': 'Other', 'fake': True}
{'id': None, 'name': 'Jonathan Scott', 'username': 'shealaura', 'password': None, 'email': 'leachshannon@example.net', 'gender': 'Other', 'fake': True}
{'id': None, 'name': 'Brittany Hinton', 'username': 'zhernandez', 'password': None, 'email': 'danielellis@example.com', 'gender': 'Other', 'fake': True}
{'id': None, 'name': 'Erica Jimenez', 'username': 'mreid', 'password': None, 'email': 'frich@example.net', 'gender': 'Other', 'fake': True}
{'id': None, 'name': 'Sabrina Johnson', 'username': 'nancymorrison', 'password': None, 'email': 'alecthornton@example.net', 'gender': 'Male', 'fake': True}
{'id': None, 'name': 'Andrea Miller', 'username': 'jonesdavid', 'password': None, 'email': 'taguilar@example.net', 'gender': 'Female', 'fake': True}
{'id': None, 'name': 'Sheila Murray', 'username': 'william88', 'password': None, 'email': 'blakeshane@example.org', 'gender': 'Male', 'fake': True}
{'id': None, 'name': 'Nicole Bullock MD', 'username': 'epetersen', 'password': None, 'email': 'gregorylinda@example.net', 'gender': 'Female', 'fake': True}
{'id': None, 'name': 'Natalie Turner', 'username': 'marvin74', 'password': None, 'email': 'melissayates@example.net', 'gender': 'Female', 'fake': True}
{'id': None, 'name': 'Timothy Allen', 'username': 'brian07', 'password': None, 'email': 'ycruz@example.org', 'gender': 'Female', 'fake': True}
{'id': None, 'name': 'Michael Patrick', 'username': 'robert97', 'password': None, 'email': 'travisboyer@example.net', 'gender': 'Female', 'fake': True}
{'id': None, 'name': 'Kyle Anderson', 'username': 'daniel85', 'password': None, 'email': 'ewilliams@example.org', 'gender': 'Male', 'fake': True}
{'id': None, 'name': 'Antonio Haynes', 'username': 'debra94', 'password': None, 'email': 'xlogan@example.com', 'gender': 'Male', 'fake': True}
{'id': None, 'name': 'Mrs. Shannon Forbes', 'username': 'caseysean', 'password': None, 'email': 'vlloyd@example.net', 'gender': 'Male', 'fake': True}
{'id': None, 'name': 'Stephanie Williams', 'username': 'rachel89', 'password': None, 'email': 'okelly@example.org', 'gender': 'Other', 'fake': True}
{'id': None, 'name': 'Melissa Fisher', 'username': 'sonia26', 'password': None, 'email': 'jerryfrank@example.net', 'gender': 'Other', 'fake': True}
{'id': None, 'name': 'Jason Moore', 'username': 'moodyryan', 'password': None, 'email': 'glivingston@example.com', 'gender': 'Female', 'fake': True}
{'id': None, 'name': 'Angela Jones', 'username': 'heather55', 'password': None, 'email': 'crawfordmichelle@example.com', 'gender': 'Male', 'fake': True}
{'id': None, 'name': 'Steven Clark', 'username': 'donnadennis', 'password': None, 'email': 'greerjerry@example.com', 'gender': 'Male', 'fake': True}
{'id': None, 'name': 'Charles Gibson', 'username': 'qcooper', 'password': None, 'email': 'carterhannah@example.net', 'gender': 'Male', 'fake': True}
{'id': None, 'name': 'Elizabeth Johns', 'username': 'jack11', 'password': None, 'email': 'levymichael@example.com', 'gender': 'Other', 'fake': True}
{'id': None, 'name': 'David Fischer', 'username': 'nathan02', 'password': None, 'email': 'eric22@example.org', 'gender': 'Other', 'fake': True}
{'id': None, 'name': 'Juan Yang', 'username': 'brittanyevans', 'password': None, 'email': 'longjacqueline@example.org', 'gender': 'Female', 'fake': True}
{'id': None, 'name': 'Amy Ortiz', 'username': 'uhayden', 'password': None, 'email': 'wrightcynthia@example.net', 'gender': 'Female', 'fake': True}
{'id': None, 'name': 'Rebecca Hill', 'username': 'lauragriffin', 'password': None, 'email': 'nathanfarley@example.org', 'gender': 'Female', 'fake': True}
{'id': None, 'name': 'Gina Mills', 'username': 'steven17', 'password': None, 'email': 'katrinareynolds@example.org', 'gender': 'Male', 'fake': True}
{'id': None, 'name': 'Edwin Mack', 'username': 'amy26', 'password': None, 'email': 'aaron79@example.com', 'gender': 'Other', 'fake': True}
{'id': None, 'name': 'Jennifer Chen', 'username': 'martineznicole', 'password': None, 'email': 'fdavis@example.org', 'gender': 'Male', 'fake': True}
{'id': None, 'name': 'Jill Francis', 'username': 'justin39', 'password': None, 'email': 'scottalicia@example.net', 'gender': 'Male', 'fake': True}
{'id': None, 'name': 'Joseph Wright', 'username': 'carloscallahan', 'password': None, 'email': 'jonesjose@example.net', 'gender': 'Female', 'fake': True}
{'id': None, 'name': 'Tyler Stephens', 'username': 'kelly59', 'password': None, 'email': 'audreyburton@example.net', 'gender': 'Other', 'fake': True}
{'id': None, 'name': 'John Castro', 'username': 'michael76', 'password': None, 'email': 'ericterry@example.com', 'gender': 'Male', 'fake': True}
{'id': None, 'name': 'Tyler Wallace Jr.', 'username': 'nwilliams', 'password': None, 'email': 'gburns@example.com', 'gender': 'Male', 'fake': True}
{'id': None, 'name': 'Veronica Mcdaniel', 'username': 'parksjudy', 'password': None, 'email': 'kellypeter@example.org', 'gender': 'Other', 'fake': True}
{'id': None, 'name': 'Zoe Marks', 'username': 'jessica32', 'password': None, 'email': 'csmith@example.org', 'gender': 'Other', 'fake': True}
{'id': None, 'name': 'Christopher Fisher', 'username': 'thernandez', 'password': None, 'email': 'james67@example.net', 'gender': 'Male', 'fake': True}
{'id': None, 'name': 'Jasmine Roman', 'username': 'yblair', 'password': None, 'email': 'david27@example.com', 'gender': 'Male', 'fake': True}
{'id': None, 'name': 'James Young', 'username': 'pittsmichael', 'password': None, 'email': 'lbentley@example.net', 'gender': 'Other', 'fake': True}
{'id': None, 'name': 'Kayla Mitchell', 'username': 'robert08', 'password': None, 'email': 'jesseevans@example.org', 'gender': 'Other', 'fake': True}
{'id': None, 'name': 'Cindy Adams', 'username': 'williamsmichael', 'password': None, 'email': 'fcarpenter@example.com', 'gender': 'Female', 'fake': True}
{'id': None, 'name': 'Lee Grant', 'username': 'shawnmorgan', 'password': None, 'email': 'taylorkristin@example.net', 'gender': 'Male', 'fake': True}
{'id': None, 'name': 'Dawn Boyd', 'username': 'miguelclark', 'password': None, 'email': 'nortonmarcus@example.com', 'gender': 'Other', 'fake': True}
{'id': None, 'name': 'Elizabeth Black', 'username': 'wscott', 'password': None, 'email': 'jacob34@example.net', 'gender': 'Other', 'fake': True}
{'id': None, 'name': 'Jon Kim', 'username': 'dwerner', 'password': None, 'email': 'bradleyvilla@example.org', 'gender': 'Female', 'fake': True}
{'id': None, 'name': 'Thomas Alexander', 'username': 'meyersangelica', 'password': None, 'email': 'millerjohn@example.org', 'gender': 'Female', 'fake': True}
{'id': None, 'name': 'Seth Michael', 'username': 'virginia18', 'password': None, 'email': 'haleyjohn@example.org', 'gender': 'Female', 'fake': True}
{'id': None, 'name': 'Kimberly Green', 'username': 'allenmendez', 'password': None, 'email': 'jenniferwaters@example.net', 'gender': 'Other', 'fake': True}
{'id': None, 'name': 'Noah Keller', 'username': 'htrevino', 'password': None, 'email': 'thompsonrobert@example.org', 'gender': 'Female', 'fake': True}
{'id': None, 'name': 'Michele Guerrero', 'username': 'jodivalenzuela', 'password': None, 'email': 'david95@example.org', 'gender': 'Male', 'fake': True}
{'id': None, 'name': 'Mr. Chad Smith', 'username': 'michael02', 'password': None, 'email': 'emily35@example.net', 'gender': 'Female', 'fake': True}
{'id': None, 'name': 'Daniel Herman', 'username': 'shudson', 'password': None, 'email': 'theresadixon@example.org', 'gender': 'Male', 'fake': True}
{'id': None, 'name': 'Kevin Fuller', 'username': 'jensenanthony', 'password': None, 'email': 'jessicacabrera@example.com', 'gender': 'Other', 'fake': True}
{'id': None, 'name': 'Carla Koch', 'username': 'tpayne', 'password': None, 'email': 'tracy40@example.org', 'gender': 'Male', 'fake': True}
{'id': None, 'name': 'Janet Brown', 'username': 'edwardsjulie', 'password': None, 'email': 'derrick63@example.com', 'gender': 'Male', 'fake': True}
{'id': None, 'name': 'Elizabeth Kelly', 'username': 'oconnoredward', 'password': None, 'email': 'michelle34@example.com', 'gender': 'Male', 'fake': True}
{'id': None, 'name': 'Darius Valdez', 'username': 'nicholsonmichael', 'password': None, 'email': 'bburton@example.org', 'gender': 'Other', 'fake': True}
{'id': None, 'name': 'Hunter Thompson', 'username': 'jessica66', 'password': None, 'email': 'ntaylor@example.com', 'gender': 'Male', 'fake': True}
{'id': None, 'name': 'Veronica Bush', 'username': 'cunninghamdavid', 'password': None, 'email': 'imacdonald@example.net', 'gender': 'Female', 'fake': True}
{'id': None, 'name': 'Morgan Hernandez', 'username': 'john23', 'password': None, 'email': 'aarontaylor@example.net', 'gender': 'Male', 'fake': True}
{'id': None, 'name': 'Blake Pennington', 'username': 'oliverstephen', 'password': None, 'email': 'juliamassey@example.net', 'gender': 'Male', 'fake': True}
{'id': None, 'name': 'Mario Preston', 'username': 'sdavis', 'password': None, 'email': 'kinglinda@example.net', 'gender': 'Other', 'fake': True}
{'id': None, 'name': 'Jennifer Nelson', 'username': 'ablackburn', 'password': None, 'email': 'stephenromero@example.org', 'gender': 'Female', 'fake': True}
{'id': None, 'name': 'Taylor Johnson', 'username': 'zgriffith', 'password': None, 'email': 'andrea08@example.net', 'gender': 'Female', 'fake': True}
{'id': None, 'name': 'Dawn Becker DDS', 'username': 'wanda38', 'password': None, 'email': 'rwilliams@example.net', 'gender': 'Other', 'fake': True}
{'id': None, 'name': 'Erin Schmitt', 'username': 'brendacortez', 'password': None, 'email': 'paul43@example.org', 'gender': 'Other', 'fake': True}
{'id': None, 'name': 'Lauren Williams', 'username': 'stephaniecox', 'password': None, 'email': 'francisco25@example.net', 'gender': 'Other', 'fake': True}
{'id': None, 'name': 'Mrs. Brenda Williams', 'username': 'matthewsmith', 'password': None, 'email': 'marcus69@example.com', 'gender': 'Other', 'fake': True}
{'id': None, 'name': 'Nicole Lopez', 'username': 'lramirez', 'password': None, 'email': 'qbrowning@example.net', 'gender': 'Other', 'fake': True}
{'id': None, 'name': 'Jonathan Hogan', 'username': 'rfischer', 'password': None, 'email': 'bryanfowler@example.net', 'gender': 'Female', 'fake': True}
{'id': None, 'name': 'Emily Peterson', 'username': 'amoody', 'password': None, 'email': 'alexander44@example.net', 'gender': 'Other', 'fake': True}
{'id': None, 'name': 'Jorge Sullivan', 'username': 'tammy59', 'password': None, 'email': 'achang@example.org', 'gender': 'Male', 'age': 79, 'fake': True}
{'id': None, 'name': 'Victoria Patel', 'username': 'kyleblair', 'password': None, 'email': 'juancampos@example.net', 'gender': 'Other', 'age': 57, 'fake': True}
{'id': None, 'name': 'Martin Harris', 'username': 'hramos', 'password': None, 'email': 'wcastro@example.com', 'gender': 'Female', 'age': 22, 'fake': True}
{'id': None, 'name': 'Mary Smith', 'username': 'vclayton', 'password': None, 'email': 'davismary@example.net', 'gender': 'Male', 'age': 56, 'fake': True}
{'id': None, 'name': 'Brenda Daniels', 'username': 'millerluke', 'password': None, 'email': 'leeashley@example.org', 'gender': 'Other', 'age': 77, 'fake': True}
{'id': None, 'name': 'Robin Fernandez', 'username': 'sean96', 'password': None, 'email': 'turnerkelly@example.org', 'gender': 'Female', 'age': 88, 'fake': True}
{'id': None, 'name': 'William Green', 'username': 'daviskatherine', 'password': None, 'email': 'kellylopez@example.org', 'gender': 'Male', 'age': 19, 'fake': True}
{'id': None, 'name': 'Sara Warren', 'username': 'melissajacobson', 'password': None, 'email': 'villanuevasandra@example.net', 'gender': 'Other', 'age': 68, 'fake': True}
{'id': None, 'name': 'Katelyn Mccoy', 'username': 'johndennis', 'password': None, 'email': 'shannon51@example.com', 'gender': 'Male', 'age': 43, 'fake': True}
{'id': None, 'name': 'Charles Wolfe', 'username': 'montoyacynthia', 'password': None, 'email': 'laura56@example.org', 'gender': 'Other', 'age': 92, 'fake': True}
{'id': None, 'name': 'Barbara Davis', 'username': 'johnsonandrew', 'password': None, 'email': 'johnsoncynthia@example.net', 'gender': 'Male', 'age': 30, 'fake': True}
{'id': None, 'name': 'Allison Coleman', 'username': 'huffchad', 'password': None, 'email': 'zclark@example.org', 'gender': 'Male', 'age': 97, 'fake': True}
{'id': None, 'name': 'Kyle Lyons', 'username': 'wgonzalez', 'password': None, 'email': 'michael20@example.net', 'gender': 'Other', 'age': 75, 'fake': True}
{'id': None, 'name': 'Brooke Martin', 'username': 'david72', 'password': None, 'email': 'heidiharris@example.org', 'gender': 'Male', 'age': 75, 'fake': True}
{'id': None, 'name': 'Jasmine Sandoval', 'username': 'annsmith', 'password': None, 'email': 'gmccullough@example.com', 'gender': 'Other', 'age': 25, 'fake': True}
{'id': None, 'name': 'Troy Bell', 'username': 'emily99', 'password': None, 'email': 'joanne84@example.org', 'gender': 'Male', 'age': 54, 'fake': True}
{'id': None, 'name': 'Corey Cook', 'username': 'jeffreywest', 'password': None, 'email': 'pgoodman@example.org', 'gender': 'Other', 'age': 87, 'fake': True}
{'id': None, 'name': 'Matthew Williams', 'username': 'sbrown', 'password': None, 'email': 'sjohnson@example.net', 'gender': 'Male', 'age': 72, 'fake': True}
{'id': None, 'name': 'Kathleen Collins', 'username': 'zwilliams', 'password': None, 'email': 'modonnell@example.org', 'gender': 'Female', 'age': 39, 'fake': True}
{'id': None, 'name': 'Michael Stewart', 'username': 'alexisfischer', 'password': None, 'email': 'monroedavid@example.org', 'gender': 'Other', 'age': 82, 'fake': True}
{'id': None, 'name': 'Diana Good', 'username': 'alvarezsandra', 'password': None, 'email': 'leecharlene@example.org', 'gender': 'Other', 'age': 25, 'fake': True}
{'id': None, 'name': 'Brandi Meyer', 'username': 'darin24', 'password': None, 'email': 'hillshawn@example.org', 'gender': 'Male', 'age': 20, 'fake': True}
{'id': None, 'name': 'Teresa Browning', 'username': 'mathissusan', 'password': None, 'email': 'harrisjordan@example.com', 'gender': 'Other', 'age': 98, 'fake': True}
{'id': None, 'name': 'Seth Thompson', 'username': 'amatthews', 'password': None, 'email': 'djoseph@example.net', 'gender': 'Male', 'age': 34, 'fake': True}
{'id': None, 'name': 'Amanda Nelson', 'username': 'tinaroberts', 'password': None, 'email': 'mathew51@example.com', 'gender': 'Female', 'age': 85, 'fake': True}
{'id': None, 'name': 'Elizabeth Vincent', 'username': 'turnermary', 'password': None, 'email': 'kellywoods@example.org', 'gender': 'Female', 'age': 68, 'fake': True}
{'id': None, 'name': 'Robert Burnett', 'username': 'mendozaholly', 'password': None, 'email': 'garciaregina@example.com', 'gender': 'Female', 'age': 19, 'fake': True}
{'id': None, 'name': 'Renee Frey', 'username': 'joneschristopher', 'password': None, 'email': 'matthew22@example.net', 'gender': 'Other', 'age': 43, 'fake': True}
{'id': None, 'name': 'Joan Burns', 'username': 'rodneyrichardson', 'password': None, 'email': 'cruzcorey@example.net', 'gender': 'Female', 'age': 89, 'fake': True}
{'id': None, 'name': 'Sarah Johnson', 'username': 'mgoodwin', 'password': None, 'email': 'ryanhoward@example.org', 'gender': 'Male', 'age': 78, 'fake': True}
{'id': None, 'name': 'Rebecca Hanson MD', 'username': 'igray', 'password': None, 'email': 'pscott@example.org', 'gender': 'Male', 'age': 28, 'fake': True}
{'id': None, 'name': 'Sherry Simpson', 'username': 'martha73', 'password': None, 'email': 'zhernandez@example.net', 'gender': 'Other', 'age': 93, 'fake': True}
{'id': None, 'name': 'Sabrina Johnson', 'username': 'nancymorrison', 'password': None, 'email': 'alecthornton@example.net', 'gender': 'Male', 'age': 63, 'fake': True}
{'id': None, 'name': 'Suzanne Jones', 'username': 'billysmith', 'password': None, 'email': 'jennifer71@example.org', 'gender': 'Female', 'age': 57, 'fake': True}
{'id': None, 'name': 'Kathy Santana', 'username': 'berryerika', 'password': None, 'email': 'laurenmelton@example.com', 'gender': 'Other', 'age': 91, 'fake': True}
{'id': None, 'name': 'Steven Butler', 'username': 'ybruce', 'password': None, 'email': 'burgessrebecca@example.org', 'gender': 'Other', 'age': 90, 'fake': True}
{'id': None, 'name': 'Natalie Turner', 'username': 'marvin74', 'password': None, 'email': 'melissayates@example.net', 'gender': 'Female', 'age': 67, 'fake': True}
{'id': None, 'name': 'Bethany Mitchell', 'username': 'brian07', 'password': None, 'email': 'dpatrick@example.org', 'gender': 'Female', 'age': 33, 'fake': True}
{'id': None, 'name': 'Michael Patrick', 'username': 'robert97', 'password': None, 'email': 'mwu@example.net', 'gender': 'Female', 'age': 73, 'fake': True}
{'id': None, 'name': 'Luis Soto', 'username': 'gravesdeborah', 'password': None, 'email': 'garciakimberly@example.org', 'gender': 'Male', 'age': 64, 'fake': True}
{'id': None, 'name': 'Lisa Peck', 'username': 'montesjennifer', 'password': None, 'email': 'drodriguez@example.net', 'gender': 'Female', 'age': 31, 'fake': True}
{'id': None, 'name': 'Mrs. Shannon Forbes', 'username': 'caseysean', 'password': None, 'email': 'vlloyd@example.net', 'gender': 'Male', 'age': 73, 'fake': True}
{'id': None, 'name': 'Dr. Tony Estrada', 'username': 'jerryfrank', 'password': None, 'email': 'kristine10@example.org', 'gender': 'Other', 'age': 79, 'fake': True}
{'id': None, 'name': 'Keith Livingston', 'username': 'perrycory', 'password': None, 'email': 'hhunter@example.org', 'gender': 'Male', 'age': 18, 'fake': True}
{'id': None, 'name': 'Sean Nguyen III', 'username': 'chad50', 'password': None, 'email': 'ajordan@example.org', 'gender': 'Female', 'age': 59, 'fake': True}
{'id': None, 'name': 'Steven Clark', 'username': 'donnadennis', 'password': None, 'email': 'alejandromccann@example.com', 'gender': 'Male', 'age': 15, 'fake': True}
{'id': None, 'name': 'Chelsea Rodriguez', 'username': 'jasmine42', 'password': None, 'email': 'mike09@example.org', 'gender': 'Male', 'age': 41, 'fake': True}
{'id': None, 'name': 'Catherine Kaiser', 'username': 'fergusonkyle', 'password': None, 'email': 'matthew44@example.net', 'gender': 'Female', 'age': 33, 'fake': True}
{'id': None, 'name': 'Clinton Watson', 'username': 'callahancarolyn', 'password': None, 'email': 'lindastewart@example.org', 'gender': 'Female', 'age': 24, 'fake': True}
{'id': None, 'name': 'Brenda Henderson', 'username': 'christopher75', 'password': None, 'email': 'andersonkevin@example.com', 'gender': 'Other', 'age': 82, 'fake': True}
{'id': None, 'name': 'Jessica Watson', 'username': 'ldavis', 'password': None, 'email': 'bennettalan@example.net', 'gender': 'Male', 'age': 50, 'fake': True}
{'id': None, 'name': 'James Saunders', 'username': 'dthompson', 'password': None, 'email': 'granthaley@example.net', 'gender': 'Female', 'age': 81, 'fake': True}
{'id': None, 'name': 'Mr. Aaron Hale', 'username': 'tsmith', 'password': None, 'email': 'michaelwelch@example.org', 'gender': 'Male', 'age': 95, 'fake': True}
{'id': None, 'name': 'Anna Jimenez', 'username': 'amysullivan', 'password': None, 'email': 'amy26@example.net', 'gender': 'Other', 'age': 17, 'fake': True}
{'id': None, 'name': 'Joseph Perkins', 'username': 'vwallace', 'password': None, 'email': 'nelsonelizabeth@example.org', 'gender': 'Female', 'age': 60, 'fake': True}
{'id': None, 'name': 'Ricky Torres', 'username': 'david32', 'password': None, 'email': 'monica39@example.org', 'gender': 'Male', 'age': 68, 'fake': True}
{'id': None, 'name': 'Kim Jenkins', 'username': 'yfigueroa', 'password': None, 'email': 'justin29@example.net', 'gender': 'Female', 'age': 52, 'fake': True}
{'id': None, 'name': 'Michael James', 'username': 'qtaylor', 'password': None, 'email': 'owatson@example.org', 'gender': 'Female', 'age': 60, 'fake': True}
{'id': None, 'name': 'Jonathan Vasquez DVM', 'username': 'vevans', 'password': None, 'email': 'nnewton@example.com', 'gender': 'Female', 'age': 21, 'fake': True}
{'id': None, 'name': 'Veronica Mcdaniel', 'username': 'parksjudy', 'password': None, 'email': 'anthonyruiz@example.org', 'gender': 'Other', 'age': 65, 'fake': True}
{'id': None, 'name': 'Dr. Melissa Acosta MD', 'username': 'james67', 'password': None, 'email': 'warddarren@example.org', 'gender': 'Other', 'age': 57, 'fake': True}
{'id': None, 'name': 'Jessica West', 'username': 'alexandriaanderson', 'password': None, 'email': 'ajackson@example.net', 'gender': 'Male', 'age': 71, 'fake': True}
{'id': None, 'name': 'Daniel Gonzalez', 'username': 'brendawilliams', 'password': None, 'email': 'kristina66@example.com', 'gender': 'Female', 'age': 19, 'fake': True}
{'id': None, 'name': 'Mark Thompson', 'username': 'cheyenne84', 'password': None, 'email': 'cynthiapitts@example.com', 'gender': 'Female', 'age': 67, 'fake': True}
{'id': None, 'name': 'Mariah Payne', 'username': 'fcarpenter', 'password': None, 'email': 'sbrown@example.net', 'gender': 'Female', 'age': 75, 'fake': True}
{'id': None, 'name': 'Aaron Pena', 'username': 'brycepatterson', 'password': None, 'email': 'matthewwilliams@example.org', 'gender': 'Male', 'age': 92, 'fake': True}
{'id': None, 'name': 'Lee Obrien', 'username': 'nortonmarcus', 'password': None, 'email': 'ogrant@example.com', 'gender': 'Female', 'age': 56, 'fake': True}
{'id': None, 'name': 'Sergio Reed', 'username': 'johndaniel', 'password': None, 'email': 'anthony03@example.com', 'gender': 'Female', 'age': 54, 'fake': True}
{'id': None, 'name': 'Eric Arnold', 'username': 'murrayjenny', 'password': None, 'email': 'wscott@example.net', 'gender': 'Male', 'age': 67, 'fake': True}
{'id': None, 'name': 'Brett Cannon', 'username': 'nhenson', 'password': None, 'email': 'hstevens@example.org', 'gender': 'Female', 'age': 93, 'fake': True}
{'id': None, 'name': 'Christopher Burns', 'username': 'maryramirez', 'password': None, 'email': 'meyersangelica@example.com', 'gender': 'Female', 'age': 55, 'fake': True}
{'id': None, 'name': 'Christina Phillips', 'username': 'dpalmer', 'password': None, 'email': 'srodriguez@example.net', 'gender': 'Other', 'age': 96, 'fake': True}
{'id': None, 'name': 'Annette Quinn', 'username': 'jefferyhobbs', 'password': None, 'email': 'joseph01@example.net', 'gender': 'Other', 'age': 15, 'fake': True}
{'id': None, 'name': 'Bailey Mclaughlin', 'username': 'jerome84', 'password': None, 'email': 'htrevino@example.com', 'gender': 'Male', 'age': 45, 'fake': True}
{'id': None, 'name': 'John Perkins', 'username': 'lisatran', 'password': None, 'email': 'holmesemily@example.org', 'gender': 'Female', 'age': 61, 'fake': True}
{'id': None, 'name': 'Kayla Jones', 'username': 'kimberlyhampton', 'password': None, 'email': 'burnettnatalie@example.org', 'gender': 'Other', 'age': 42, 'fake': True}
{'id': None, 'name': 'Kevin Fuller', 'username': 'jensenanthony', 'password': None, 'email': 'jessicacabrera@example.com', 'gender': 'Other', 'age': 60, 'fake': True}
{'id': None, 'name': 'Carla Koch', 'username': 'tpayne', 'password': None, 'email': 'abryant@example.org', 'gender': 'Male', 'age': 48, 'fake': True}
{'id': None, 'name': 'Janet Brown', 'username': 'edwardsjulie', 'password': None, 'email': 'cassandrawarner@example.com', 'gender': 'Male', 'age': 58, 'fake': True}
{'id': None, 'name': 'Gregory Martin', 'username': 'kellyamber', 'password': None, 'email': 'qbarnett@example.net', 'gender': 'Other', 'age': 95, 'fake': True}
{'id': None, 'name': 'Andrew Perez', 'username': 'carl05', 'password': None, 'email': 'michaelhenry@example.org', 'gender': 'Other', 'age': 69, 'fake': True}
{'id': None, 'name': 'Eric Banks', 'username': 'areyes', 'password': None, 'email': 'patriciarobinson@example.com', 'gender': 'Female', 'age': 83, 'fake': True}
{'id': None, 'name': 'James Smith', 'username': 'christystanley', 'password': None, 'email': 'kmalone@example.org', 'gender': 'Other', 'age': 33, 'fake': True}
{'id': None, 'name': 'Alex Drake', 'username': 'juliamassey', 'password': None, 'email': 'riveramary@example.org', 'gender': 'Other', 'age': 36, 'fake': True}
{'id': None, 'name': 'Judith Hernandez', 'username': 'kinglinda', 'password': None, 'email': 'simmonsmichelle@example.org', 'gender': 'Other', 'age': 63, 'fake': True}
{'id': None, 'name': 'Edward Hernandez', 'username': 'williammartin', 'password': None, 'email': 'garrettpamela@example.com', 'gender': 'Female', 'age': 58, 'fake': True}
{'id': None, 'name': 'Donna Harrison', 'username': 'mejiaashley', 'password': None, 'email': 'linda60@example.com', 'gender': 'Female', 'age': 19, 'fake': True}
{'id': None, 'name': 'Anthony Nelson', 'username': 'kingerin', 'password': None, 'email': 'hfoster@example.com', 'gender': 'Other', 'age': 52, 'fake': True}
{'id': None, 'name': 'Valerie Clark', 'username': 'linda39', 'password': None, 'email': 'kathrynblack@example.com', 'gender': 'Other', 'age': 83, 'fake': True}
{'id': None, 'name': 'Lauren Williams', 'username': 'stephaniecox', 'password': None, 'email': 'francisco25@example.net', 'gender': 'Other', 'age': 52, 'fake': True}
{'id': None, 'name': 'Mrs. Brenda Williams', 'username': 'matthewsmith', 'password': None, 'email': 'troy69@example.com', 'gender': 'Other', 'age': 76, 'fake': True}
{'id': None, 'name': 'Diana Greer', 'username': 'bryanfowler', 'password': None, 'email': 'julie31@example.net', 'gender': 'Other', 'age': 29, 'fake': True}
{'id': None, 'name': 'Jeffrey Ewing', 'username': 'sophia88', 'password': None, 'email': 'rfischer@example.com', 'gender': 'Other', 'age': 55, 'fake': True}
{'id': None, 'name': 'Brittney Guerrero', 'username': 'cward', 'password': None, 'email': 'james62@example.org', 'gender': 'Other', 'age': 67, 'fake': True}
{'id': None, 'name': 'Lynn Burton', 'username': 'vsmith', 'password': None, 'email': 'rachelcox@example.org', 'gender': 'Male', 'age': 88, 'fake': True}
{'id': None, 'name': 'Jerome Manning', 'username': 'zshields', 'password': None, 'email': 'joshuaduffy@example.com', 'gender': 'Other', 'age': 27, 'fake': True}
{'id': None, 'name': 'Teresa King', 'username': 'chelsea14', 'password': None, 'email': 'frankmclean@example.com', 'gender': 'Male', 'age': 78, 'fake': True}
{'id': None, 'name': 'Reginald Garrett', 'username': 'cterry', 'password': None, 'email': 'farmerjames@example.com', 'gender': 'Other', 'age': 74, 'fake': True}
{'id': None, 'name': 'Rodney Sanders', 'username': 'bobknight', 'password': None, 'email': 'maria29@example.net', 'gender': 'Female', 'age': 61, 'fake': True}
{'id': None, 'name': 'Amanda Hebert', 'username': 'edwardsrebecca', 'password': None, 'email': 'jonesjennifer@example.net', 'gender': 'Other', 'age': 50, 'fake': True}
